1
                 Chemistry at HARvard Macromolecular Mechanics
               (CHARMM) - Stable Version 50b1     August 15, 2025               
                            Git commit ID 9396baa45                             
       Copyright(c) 1984-2025  President and Fellows of Harvard College
                              All Rights Reserved
  Current operating system: Linux-4.18.0-477.21.1.el8_8.x86_64(x86_64)@login0   
                 Created on  3/11/26 at  1:43:50 by user: myepes2     

            Maximum number of ATOMS:    360720, and RESidues:      120240
 RDTITL> * GENERATE NASCENT PG
 RDTITL> *
  
 CHARMM>     
  
 CHARMM>    ! --- Topology/parameters ---
 CHARMM>    stream toppar.str
 VOPEN> Attempting to open::toppar.str::
 OPNLGU> Unit 99 opened for READONLY access to toppar.str

                    INPUT STREAM SWITCHING TO UNIT    99
 RDTITL> * GENERATED BY CHARMM-GUI (HTTP://WWW.CHARMM-GUI.ORG) V3.7 ON SEP, 23. 2025. JOBID=5830898865
 RDTITL> * ADAPTED FOR BUILDING NASCENT PG BY MARTIN YEPES ON OCT, 12. 2025
 RDTITL> * STREAM FILE FOR TOPOLOGY AND PARAMETER READING
 RDTITL> *
 Parameter: IN1 <- "" <empty>
  
 CHARMM>     
  
 CHARMM>    ! protein topology and parameter
 CHARMM>    open read card unit 10 name toppar/top_all36_prot.rtf
 VOPEN> Attempting to open::toppar/top_all36_prot.rtf::
 OPNLGU> Unit 10 opened for READONLY access to toppar/top_all36_prot.rtf
  
 CHARMM>    read  rtf card unit 10
 MAINIO> Residue topology file being read from unit  10.
 TITLE> *>>>>>>>>CHARMM36 ALL-HYDROGEN TOPOLOGY FILE FOR PROTEINS <<<<<<
 TITLE> *>>>>> INCLUDES PHI, PSI CROSS TERM MAP (CMAP) CORRECTION <<<<<<<
 TITLE> *>>>>>>>>>>>>>>>>>>>>>>>>>> MAY 2011 <<<<<<<<<<<<<<<<<<<<<<<<<<<<
 TITLE> * ALL COMMENTS TO THE CHARMM WEB SITE: WWW.CHARMM.ORG
 TITLE> *             PARAMETER SET DISCUSSION FORUM
 TITLE> *
  
 CHARMM>     
  
 CHARMM>    open read card unit 20 name toppar/par_all36m_prot.prm
 VOPEN> Attempting to open::toppar/par_all36m_prot.prm::
 OPNLGU> Unit 20 opened for READONLY access to toppar/par_all36m_prot.prm
  
 CHARMM>    read para card unit 20 flex

          PARAMETER FILE BEING READ FROM UNIT 20
 TITLE> *>>>> CHARMM36 ALL-HYDROGEN PARAMETER FILE FOR PROTEINS <<<<<<<<<<
 TITLE> *>>>>> INCLUDES PHI, PSI CROSS TERM MAP (CMAP) CORRECTION <<<<<<<<
 TITLE> *>>>>>>>>>>>>>>>>>>>>>>>>>> JAN. 2016 <<<<<<<<<<<<<<<<<<<<<<<<<<<<
 TITLE> * ALL COMMENTS TO THE CHARMM WEB SITE: WWW.CHARMM.ORG
 TITLE> *             PARAMETER SET DISCUSSION FORUM
 TITLE> *
 PARMIO> NONBOND, HBOND lists and IMAGE atoms cleared.
  
 CHARMM>     
  
 CHARMM>    ! nucleic acids
 CHARMM>    open read card unit 10 name toppar/top_all36_na.rtf
 OPNLGU> Unit already open. The old file will be closed first.
 VCLOSE: Closing unit   10 with status "KEEP"
 VOPEN> Attempting to open::toppar/top_all36_na.rtf::
 OPNLGU> Unit 10 opened for READONLY access to toppar/top_all36_na.rtf
  
 CHARMM>    read  rtf card unit 10 append
 MAINIO> Residue topology file being read from unit  10.
 TITLE> *  \\\\ CHARMM36 ALL-HYDROGEN NUCLEIC ACID TOPOLOGY FILE ////
 TITLE> *   ALEXANDER D. MACKERELL JR. AND COWORKERS
 TITLE> *                      APRIL 2011
 TITLE> * ALL COMMENTS TO THE CHARMM WEB SITE: WWW.CHARMM.ORG
 TITLE> *           PARAMETER SET DISCUSSION FORUM
 TITLE> *
  
 CHARMM>     
  
 CHARMM>    open read card unit 20 name toppar/par_all36_na.prm
 OPNLGU> Unit already open. The old file will be closed first.
 VCLOSE: Closing unit   20 with status "KEEP"
 VOPEN> Attempting to open::toppar/par_all36_na.prm::
 OPNLGU> Unit 20 opened for READONLY access to toppar/par_all36_na.prm
  
 CHARMM>    read para card unit 20 append flex

          PARAMETER FILE BEING READ FROM UNIT 20
 TITLE> * \\\\ CHARMM36 ALL-HYDROGEN NUCLEIC ACID PARAMETER FILE ////
 TITLE> *         ALEXANDER D. MACKERELL JR. AND COWORKERS
 TITLE> *                        APRIL 2011
 TITLE> * ALL COMMENTS TO THE CHARMM WEB SITE: WWW.CHARMM.ORG PARAMETER
 TITLE> *                     SET DISCUSSION FORUM
 TITLE> *
 PARMIO> NONBOND, HBOND lists and IMAGE atoms cleared.
  
 CHARMM>     
  
 CHARMM>    ! carbohydrates
 CHARMM>    open read card unit 10 name toppar/top_all36_carb.rtf
 OPNLGU> Unit already open. The old file will be closed first.
 VCLOSE: Closing unit   10 with status "KEEP"
 VOPEN> Attempting to open::toppar/top_all36_carb.rtf::
 OPNLGU> Unit 10 opened for READONLY access to toppar/top_all36_carb.rtf
  
 CHARMM>    read  rtf card unit 10 append
 MAINIO> Residue topology file being read from unit  10.
 TITLE> * $ID: TOP_ALLXX_SUGAR.INP,V 1.106 2014/08/19 19:07:43 ALEX EXP $
 TITLE> *>>>>>>>>>>>> ALL-HYDROGEN TOPOLOGIES USED IN THE <<<<<<<<<<<<<<<<
 TITLE> *>>>>> DEVELOPMENT OF THE CHARMM CARBOHYDRATE  FORCE FIELD<<<<<<<<
 TITLE> *>>>>>>>>>>>>>>>>>>>>>>>>> JUNE 2009 <<<<<<<<<<<<<<<<<<<<<<<<<<<<<
 TITLE> *>>>>>>>> DIRECT COMMENTS TO ALEXANDER D. MACKERELL JR. <<<<<<<<<<
 TITLE> *>>>>>>>>>> VIA THE CHARMM WEB SITE: WWW.CHARMM.ORG <<<<<<<<<<<<<<
 TITLE> *>>>>>>>>>>>>>>> PARAMETER SET DISCUSSION FORUM <<<<<<<<<<<<<<<<<<
 TITLE> *
  
 CHARMM>     
  
 CHARMM>    open read card unit 20 name toppar/par_all36_carb.prm
 OPNLGU> Unit already open. The old file will be closed first.
 VCLOSE: Closing unit   20 with status "KEEP"
 VOPEN> Attempting to open::toppar/par_all36_carb.prm::
 OPNLGU> Unit 20 opened for READONLY access to toppar/par_all36_carb.prm
  
 CHARMM>    read para card unit 20 append flex

          PARAMETER FILE BEING READ FROM UNIT 20
 TITLE> * $ID: PAR_ALLXX_SUGAR.INP,V 1.132 2014/08/19 19:03:21 ALEX EXP $
 TITLE> *>>>>>>>>>>>> ALL-HYDROGEN PARAMETERS USED IN THE <<<<<<<<<<<<<<<<
 TITLE> *>>>>> DEVELOPMENT OF THE CHARMM CARBOHYDRATE  FORCE FIELD<<<<<<<<
 TITLE> *>>>>>>>>>>>>>>>>>>>>>>>>> JUNE 2009 <<<<<<<<<<<<<<<<<<<<<<<<<<<<<
 TITLE> *>>>>>>>> DIRECT COMMENTS TO ALEXANDER D. MACKERELL JR. <<<<<<<<<<
 TITLE> *>>>>>>>>>> VIA THE CHARMM WEB SITE: WWW.CHARMM.ORG <<<<<<<<<<<<<<
 TITLE> *>>>>>>>>>>>>>>> PARAMETER SET DISCUSSION FORUM <<<<<<<<<<<<<<<<<<
 TITLE> *
 PARMIO> NONBOND, HBOND lists and IMAGE atoms cleared.
  
 CHARMM>     
  
 CHARMM>    ! lipids
 CHARMM>    open read card unit 10 name toppar/top_all36_lipid.rtf
 OPNLGU> Unit already open. The old file will be closed first.
 VCLOSE: Closing unit   10 with status "KEEP"
 VOPEN> Attempting to open::toppar/top_all36_lipid.rtf::
 OPNLGU> Unit 10 opened for READONLY access to toppar/top_all36_lipid.rtf
  
 CHARMM>    read  rtf card unit 10 append
 MAINIO> Residue topology file being read from unit  10.
 TITLE> *  \\\\\\\ CHARMM36 ALL-HYDROGEN LIPID TOPOLOGY FILE ///////
 TITLE> *  ALL COMMENTS AND QUESTIONS SHOULD BE SUBMITTED TO THE
 TITLE> *  PARAMETER FORUM AT THE CHARMM WEBSITE: WWW.CHARMM.ORG
 TITLE> *
  
 CHARMM>     
  
 CHARMM>    open read card unit 20 name toppar/par_all36_lipid.prm
 OPNLGU> Unit already open. The old file will be closed first.
 VCLOSE: Closing unit   20 with status "KEEP"
 VOPEN> Attempting to open::toppar/par_all36_lipid.prm::
 OPNLGU> Unit 20 opened for READONLY access to toppar/par_all36_lipid.prm
  
 CHARMM>    read para card unit 20 append flex

          PARAMETER FILE BEING READ FROM UNIT 20
 TITLE> *  \\\\\\\ CHARMM36 ALL-HYDROGEN LIPID PARAMETER FILE ///////
 TITLE> *  ALL COMMENTS AND QUESTIONS SHOULD BE SUBMITTED TO THE
 TITLE> *  PARAMETER FORUM AT THE CHARMM WEBSITE: WWW.CHARMM.ORG
 TITLE> *
 PARMIO> NONBOND, HBOND lists and IMAGE atoms cleared.
  
 CHARMM>     
  
 CHARMM>    ! CGENFF
 CHARMM>    open read card unit 10 name toppar/top_all36_cgenff.rtf
 OPNLGU> Unit already open. The old file will be closed first.
 VCLOSE: Closing unit   10 with status "KEEP"
 VOPEN> Attempting to open::toppar/top_all36_cgenff.rtf::
 OPNLGU> Unit 10 opened for READONLY access to toppar/top_all36_cgenff.rtf
  
 CHARMM>    read  rtf card unit 10 append
 MAINIO> Residue topology file being read from unit  10.
 TITLE> *  --------------------------------------------------------------------------  *
 TITLE> *          CGENFF: TOPOLOGY FOR THE CHARMM GENERAL FORCE FIELD V. 4.6          *
 TITLE> *                    FOR SMALL MOLECULE DRUG DESIGN                            *
 TITLE> *  --------------------------------------------------------------------------  *
 TITLE> *

 DRUDES PARTICLES WILL BE GENERATED AUTOMATICALLY FOR ALL ATOMS WITH NON-ZERO ALPHA
 Thole-type dipole screening, Slater-Delta shape {S(u) = 1 - (1+u/2)*exp(-u)}, default radius =  1.300000
  
 CHARMM>     
  
 CHARMM>    open read card unit 20 name toppar/par_all36_cgenff.prm
 OPNLGU> Unit already open. The old file will be closed first.
 VCLOSE: Closing unit   20 with status "KEEP"
 VOPEN> Attempting to open::toppar/par_all36_cgenff.prm::
 OPNLGU> Unit 20 opened for READONLY access to toppar/par_all36_cgenff.prm
  
 CHARMM>    read para card unit 20 append flex

          PARAMETER FILE BEING READ FROM UNIT 20
 TITLE> *  --------------------------------------------------------------------------  *
 TITLE> *         CGENFF: PARAMETERS FOR THE CHARMM GENERAL FORCE FIELD V. 4.6         *
 TITLE> *                    FOR SMALL MOLECULE DRUG DESIGN                            *
 TITLE> *  --------------------------------------------------------------------------  *
 TITLE> *  2017/8: IF PROTEIN, NUCLEIC ACID AND CARBOHYDRATE TOPOLOGY AND PARAMETER FILES
 TITLE> *  ARE NOT READ PRIOR TO THE CGENFF FILES "WARNING: ATOMS IN NBFIX ' errors will
 TITLE> *  BE ENCOUNTERED.  THESE CAN BE PASSED BY SETTING BOMLEV ( -2) PRIOR TO READING
 TITLE> *  THIS FILE. IN ADDITION, WHEN GENERATING AROMATIC HALOGENS (CL, BR, I) WITH
 TITLE> *  PRE C41B/C42A VERSIONS OF CHARMM "MISSING PARAMETER" ERRORS WILL BE
 TITLE> *  ENCOUNTERED THAT ALSO REQUIRE SETTING BOMLEV ( -2).
 TITLE> *
 PARMIO> NONBOND, HBOND lists and IMAGE atoms cleared.
  
 CHARMM>     
  
 CHARMM>    ! Phosphates and Sulfates
 CHARMM>    stream toppar/toppar_all36_moreions.str
 VOPEN> Attempting to open::toppar/toppar_all36_moreions.str::
 OPNLGU> Unit 98 opened for READONLY access to toppar/toppar_all36_moreions.str

                    INPUT STREAM SWITCHING TO UNIT    98
 RDTITL> * ADDITIONAL IONS GENERATED USING CGENFF
 RDTITL> *
 Parameter: IN1 <- "" <empty>
  
 CHARMM>     
  
 CHARMM>    set nat ?NATC
 RDCMND substituted energy or value "?NATC" to "345"
 Parameter: NAT <- "345"
  
 CHARMM>    set app
 Parameter: APP <- "" <empty>
  
 CHARMM>     
  
 CHARMM>    if "@NAT" ne "?NATC" if @nat ne 0 set app append
 Parameter: NAT -> "345"
 Parameter: NAT -> "345"
 RDCMND: can not substitute energy "?NATC""
 Comparing ""345"" and ""?NATC"".
 IF test evaluated as true.  Performing command
 Comparing "345" and "0".
 IF test evaluated as true.  Performing command
 Parameter: APP <- "APPEND"
  
 CHARMM>     
  
 CHARMM>    read rtf card @app
 Parameter: APP -> "APPEND"
 MAINIO> Residue topology file being read from unit  98.
 RDTITL> * TOPOLOGIES GENERATED BY
 RDTITL> * CHARMM GENERAL FORCE FIELD (CGENFF) PROGRAM VERSION 2.4.0
 RDTITL> *
  
 CHARMM>     
  
 CHARMM>    read para card flex @app
 Parameter: APP -> "APPEND"

          PARAMETER FILE BEING READ FROM UNIT 98
 RDTITL> * PARAMETERS GENERATED BY ANALOGY BY
 RDTITL> * CHARMM GENERAL FORCE FIELD (CGENFF) PROGRAM VERSION 2.4.0
 RDTITL> *
 PARMIO> NONBOND, HBOND lists and IMAGE atoms cleared.
  
 CHARMM>     
  
 VCLOSE: Closing unit   98 with status "KEEP"

                    RETURNING TO INPUT STREAM    99
  
 CHARMM>     
  
 CHARMM>    ! Interface FF
 CHARMM>    open read card unit 10 name toppar/top_interface.rtf
 OPNLGU> Unit already open. The old file will be closed first.
 VCLOSE: Closing unit   10 with status "KEEP"
 VOPEN> Attempting to open::toppar/top_interface.rtf::
 OPNLGU> Unit 10 opened for READONLY access to toppar/top_interface.rtf
  
 CHARMM>    read  rtf card unit 10 append
 MAINIO> Residue topology file being read from unit  10.
 TITLE> * INTERFACE FF
 TITLE> * TOPOLOGY FOR NANOMATERIALS
 TITLE> *
*** WARNING **** residue TSHO already exists (old one deleted)

      ***** LEVEL  1 WARNING FROM <RTFRDR> *****
      ***** Residue already exists.
      ******************************************
      BOMLEV (  0) IS NOT REACHED. WRNLEV IS  5

          PRES TSHO17      -1.050
*** WARNING **** residue TSHO already exists (old one deleted)

      ***** LEVEL  1 WARNING FROM <RTFRDR> *****
      ***** Residue already exists.
      ******************************************
      BOMLEV (  0) IS NOT REACHED. WRNLEV IS  5

          PRES TSHO21      -1.050
 There were   2 warning(s) from RTFRDR.
  
 CHARMM>     
  
 CHARMM>    open read card unit 10 name toppar/par_interface.prm
 OPNLGU> Unit already open. The old file will be closed first.
 VCLOSE: Closing unit   10 with status "KEEP"
 VOPEN> Attempting to open::toppar/par_interface.prm::
 OPNLGU> Unit 10 opened for READONLY access to toppar/par_interface.prm
  
 CHARMM>    read para card unit 10 append flex

          PARAMETER FILE BEING READ FROM UNIT 10
 TITLE> * INTERFACE FF
 TITLE> * TOPOLOGY AND PARAMETER FOR CALY MINERALS, CEMENT MINERALS
 TITLE> *
 PARRDR> Error: Repeated DIHE parameter ( 10947): HGR6  ICG1  ICG1  ICGE is replaced
 PARMIO> NONBOND, HBOND lists and IMAGE atoms cleared.
  
 CHARMM>     
  
 CHARMM>    stream toppar/toppar_all36_nano_lig.str
 VOPEN> Attempting to open::toppar/toppar_all36_nano_lig.str::
 OPNLGU> Unit 98 opened for READONLY access to toppar/toppar_all36_nano_lig.str

                    INPUT STREAM SWITCHING TO UNIT    98
 RDTITL> READ RTF CARD APPEND
 RDTITL> No title read.
 Parameter: IN1 <- "" <empty>
  
 CHARMM>    read rtf card append
 MAINIO> Residue topology file being read from unit  98.
 RDTITL> * TOPOLOGY FOR NANO-LIGAND
 RDTITL> *
  
 CHARMM>     
  
 CHARMM>    read param card flex append

          PARAMETER FILE BEING READ FROM UNIT 98
 RDTITL> * SYNTHETIC POLYMER PARAMETER
 RDTITL> *
 PARMIO> NONBOND, HBOND lists and IMAGE atoms cleared.
  
 CHARMM>    RETURN
 VCLOSE: Closing unit   98 with status "KEEP"

                    RETURNING TO INPUT STREAM    99
  
 CHARMM>    stream toppar/toppar_all36_nano_lig_patch.str
 VOPEN> Attempting to open::toppar/toppar_all36_nano_lig_patch.str::
 OPNLGU> Unit 98 opened for READONLY access to toppar/toppar_all36_nano_lig_patch.str

                    INPUT STREAM SWITCHING TO UNIT    98
 RDTITL> READ RTF CARD APPEND
 RDTITL> No title read.
 Parameter: IN1 <- "" <empty>
  
 CHARMM>    read rtf card append
 MAINIO> Residue topology file being read from unit  98.
 RDTITL> * TOPOLOGY FOR SYNTHETIC_POLYMER
 RDTITL> *
  
 CHARMM>    RETURN
 VCLOSE: Closing unit   98 with status "KEEP"

                    RETURNING TO INPUT STREAM    99
  
 CHARMM>     
  
 CHARMM>    ! Additional topologies and parameters for synthetic polymer
 CHARMM>    stream toppar/toppar_all36_synthetic_polymer.str
 VOPEN> Attempting to open::toppar/toppar_all36_synthetic_polymer.str::
 OPNLGU> Unit 98 opened for READONLY access to toppar/toppar_all36_synthetic_polymer.str

                    INPUT STREAM SWITCHING TO UNIT    98
 RDTITL> READ RTF CARD APPEND
 RDTITL> No title read.
 Parameter: IN1 <- "" <empty>
  
 CHARMM>    read rtf card append
 MAINIO> Residue topology file being read from unit  98.
 RDTITL> * TOPOLOGY FOR SYNTHETIC_POLYMER
 RDTITL> *
  
 CHARMM>     
  
 CHARMM>    read param card flex append

          PARAMETER FILE BEING READ FROM UNIT 98
 RDTITL> * SYNTHETIC POLYMER PARAMETER
 RDTITL> *
 PARMIO> NONBOND, HBOND lists and IMAGE atoms cleared.
  
 CHARMM>    RETURN
 VCLOSE: Closing unit   98 with status "KEEP"

                    RETURNING TO INPUT STREAM    99
  
 CHARMM>    stream toppar/toppar_all36_synthetic_polymer_patch.str
 VOPEN> Attempting to open::toppar/toppar_all36_synthetic_polymer_patch.str::
 OPNLGU> Unit 98 opened for READONLY access to toppar/toppar_all36_synthetic_polymer_patch.str

                    INPUT STREAM SWITCHING TO UNIT    98
 RDTITL> READ RTF CARD APPEND
 RDTITL> No title read.
 Parameter: IN1 <- "" <empty>
  
 CHARMM>    read rtf card append
 MAINIO> Residue topology file being read from unit  98.
 RDTITL> * TOPOLOGY FOR SYNTHETIC_POLYMER
 RDTITL> *
  
 CHARMM>     
  
 CHARMM>    return
 VCLOSE: Closing unit   98 with status "KEEP"

                    RETURNING TO INPUT STREAM    99
  
 CHARMM>    stream toppar/toppar_all36_polymer_solvent.str
 VOPEN> Attempting to open::toppar/toppar_all36_polymer_solvent.str::
 OPNLGU> Unit 98 opened for READONLY access to toppar/toppar_all36_polymer_solvent.str

                    INPUT STREAM SWITCHING TO UNIT    98
 RDTITL> READ RTF CARD APPEND
 RDTITL> No title read.
 Parameter: IN1 <- "" <empty>
  
 CHARMM>    read rtf card append
 MAINIO> Residue topology file being read from unit  98.
 RDTITL> * TOPOLOGY FOR SYNTHETIC_POLYMER
 RDTITL> *
  
 CHARMM>    read param card flex append

          PARAMETER FILE BEING READ FROM UNIT 98
 RDTITL> * SYNTHETIC POLYMER PARAMETER
 RDTITL> *
 PARMIO> NONBOND, HBOND lists and IMAGE atoms cleared.
  
 CHARMM>     
  
 CHARMM>    RETURN
 VCLOSE: Closing unit   98 with status "KEEP"

                    RETURNING TO INPUT STREAM    99
  
 CHARMM>     
  
 CHARMM>    ! Additional topologies and parameters for water and ions
 CHARMM>    stream toppar/toppar_water_ions.str
 VOPEN> Attempting to open::toppar/toppar_water_ions.str::
 OPNLGU> Unit 98 opened for READONLY access to toppar/toppar_water_ions.str

                    INPUT STREAM SWITCHING TO UNIT    98
 RDTITL> * TOPLOGY AND PARAMETER INFORMATION FOR WATER AND IONS.
 RDTITL> *
 Parameter: IN1 <- "" <empty>
  
 CHARMM>     
  
 CHARMM>    !Testcase
 CHARMM>    !test_water_ions.inp
 CHARMM>     
  
 CHARMM>    ! IMPORTANT NOTE: this file contains NBFixes between carboxylates and sodium,
 CHARMM>    ! which will only apply if the main files containing carboxylate atom types
 CHARMM>    ! have been read in first!
 CHARMM>     
  
 CHARMM>    !references
 CHARMM>    !
 CHARMM>    !TIP3P water model
 CHARMM>    !
 CHARMM>    !W.L. Jorgensen; J.Chandrasekhar; J.D. Madura; R.W. Impey;
 CHARMM>    !M.L. Klein; "Comparison of simple potential functions for
 CHARMM>    !simulating liquid water", J. Chem. Phys. 79 926-935 (1983).
 CHARMM>    !
 CHARMM>    !IONS
 CHARMM>    !
 CHARMM>    !Ions from Roux and coworkers
 CHARMM>    !
 CHARMM>    !Beglov, D. and Roux, B., Finite Representation of an Infinite
 CHARMM>    !Bulk System: Solvent Boundary Potential for Computer Simulations,
 CHARMM>    !Journal of Chemical Physics, 1994, 100: 9050-9063
 CHARMM>    !
 CHARMM>    !ZINC
 CHARMM>    !
 CHARMM>    !Stote, R.H. and Karplus, M. Zinc Binding in Proteins and
 CHARMM>    !Solution: A Simple but Accurate Nonbonded Representation, PROTEINS:
 CHARMM>    !Structure, Function, and Genetics 23:12-31 (1995)
 CHARMM>     
  
 CHARMM>    !test "append" to determine if previous toppar files have been read and
 CHARMM>    !add append to "read rtf card" if true
 CHARMM>    set nat ?NATC
 RDCMND substituted energy or value "?NATC" to "468"
 Parameter: NAT <- "468"
  
 CHARMM>    set app
 Parameter: APP <- "" <empty>
  
 CHARMM>    !We're exploiting what is arguably a bug in the parser. On the left hand side,
 CHARMM>    !the quotes have priority, so NAT is correctly substituted. On the right hand
 CHARMM>    !side, the ? has priority and NATC" (sic) is not a valid substitution...
 CHARMM>    if "@NAT" ne "?NATC" if @nat ne 0 set app append
 Parameter: NAT -> "468"
 Parameter: NAT -> "468"
 RDCMND: can not substitute energy "?NATC""
 Comparing ""468"" and ""?NATC"".
 IF test evaluated as true.  Performing command
 Comparing "468" and "0".
 IF test evaluated as true.  Performing command
 Parameter: APP <- "APPEND"
  
 CHARMM>     
  
 CHARMM>    read rtf card @app
 Parameter: APP -> "APPEND"
 MAINIO> Residue topology file being read from unit  98.
 RDTITL> * TOPOLOGY FOR WATER AND IONS
 RDTITL> *
  
 CHARMM>     
  
 CHARMM>    read para card flex @app
 Parameter: APP -> "APPEND"

          PARAMETER FILE BEING READ FROM UNIT 98
 RDTITL> * PARAMETERS FOR WATER AND IONS
 RDTITL> *
 PARMIO> NONBOND, HBOND lists and IMAGE atoms cleared.
  
 CHARMM>     
  
 CHARMM>    ! The following section contains NBFixes for sodium interacting with
 CHARMM>    ! carboxylate oxygens of various CHARMM force fields. It will generate
 CHARMM>    ! level -1 warnings whenever any of these force fields have not been
 CHARMM>    ! read prior to the current stream file. Since we don't want to force
 CHARMM>    ! the user to always read all the force fields, we're suppressing the
 CHARMM>    ! warnings. The only side effect is that you will have "most severe
 CHARMM>    ! warning was at level 0" at the end of your output. Also note that
 CHARMM>    ! the user is responsible for reading the current file last if they
 CHARMM>    ! want the NBFixes to apply. A more elegant solution would require new
 CHARMM>    ! features to be added to CHARMM.
 CHARMM>    ! parallel fix, to avoid duplicated messages in the log
 CHARMM>    set para
 Parameter: PARA <- "" <empty>
  
 CHARMM>    if ?NUMNODE gt 1 set para node 0
 RDCMND substituted energy or value "?NUMNODE" to "1"
 Comparing "1" and "1".
 IF test evaluated as false.  Skipping command
  
 CHARMM>     
  
 CHARMM>    set wrn ?WRNLEV
 RDCMND substituted energy or value "?WRNLEV" to "5"
 Parameter: WRN <- "5"
  
 CHARMM>    ! Some versions of CHARMM don't seem to initialize wrnlev...
 CHARMM>    if "@WRN" eq "?WRNLEV" set wrn 5
 Parameter: WRN -> "5"
 RDCMND: can not substitute energy "?WRNLEV""
 Comparing ""5"" and ""?WRNLEV"".
 IF test evaluated as false.  Skipping command
  
 CHARMM>    set bom ?bomlev
 RDCMND substituted energy or value "?BOMLEV" to "0"
 Parameter: BOM <- "0"
  
 CHARMM>    WRNLEV -1 @PARA
 Parameter: PARA -> "" <empty>
  
 CHARMM>    BOMLEV -1 @PARA
 Parameter: PARA -> "" <empty>
  
 CHARMM>    read para card flex append

          PARAMETER FILE BEING READ FROM UNIT 98
 RDTITL> * NBFIX BETWEEN CARBOXYLATE AND SODIUM
 RDTITL> *
 PARMIO> NONBOND, HBOND lists and IMAGE atoms cleared.
  
 CHARMM>    BOMLEV @bom @PARA
 Parameter: BOM -> "0"
 Parameter: PARA -> "" <empty>
  
 CHARMM>    WRNLEV @wrn @PARA
 Parameter: WRN -> "5"
 Parameter: PARA -> "" <empty>
  
 CHARMM>     
  
 CHARMM>    return
 VCLOSE: Closing unit   98 with status "KEEP"

                    RETURNING TO INPUT STREAM    99
  
 CHARMM>    stream toppar/toppar_dum_noble_gases.str
 VOPEN> Attempting to open::toppar/toppar_dum_noble_gases.str::
 OPNLGU> Unit 98 opened for READONLY access to toppar/toppar_dum_noble_gases.str

                    INPUT STREAM SWITCHING TO UNIT    98
 RDTITL> * TOPLOGY AND PARAMETER INFORMATION FOR HELIUM, NEON AND A DUMMY ATOM.
 RDTITL> *
 Parameter: IN1 <- "" <empty>
  
 CHARMM>     
  
 CHARMM>    !Testcase
 CHARMM>    !test_dum_nobel_gases.inp
 CHARMM>     
  
 CHARMM>    !test "append" to determine if previous	toppar files have been read and
 CHARMM>    !add append to "read rtf card" if true
 CHARMM>    set nat ?NATC
 RDCMND substituted energy or value "?NATC" to "485"
 Parameter: NAT <- "485"
  
 CHARMM>    set app
 Parameter: APP <- "" <empty>
  
 CHARMM>    !We're exploiting what is arguably a bug in the parser. On the left hand side,
 CHARMM>    !the quotes have proirity, so NAT is correctly substituted. On the right hand
 CHARMM>    !side, the ? has priority and NATC" (sic) is not a valid substitution...
 CHARMM>    if "@NAT" ne "?NATC" if @nat ne 0 set app append
 Parameter: NAT -> "485"
 Parameter: NAT -> "485"
 RDCMND: can not substitute energy "?NATC""
 Comparing ""485"" and ""?NATC"".
 IF test evaluated as true.  Performing command
 Comparing "485" and "0".
 IF test evaluated as true.  Performing command
 Parameter: APP <- "APPEND"
  
 CHARMM>     
  
 CHARMM>    read rtf card @app
 Parameter: APP -> "APPEND"
 MAINIO> Residue topology file being read from unit  98.
 RDTITL> * TOPOLOGY FOR HELIUM, NEON AND A DUMMY ATOM.
 RDTITL> *
  
 CHARMM>     
  
 CHARMM>    read para card flex @app
 Parameter: APP -> "APPEND"

          PARAMETER FILE BEING READ FROM UNIT 98
 RDTITL> * PARAMETERS FOR HELIUM, NEON AND A DUMMY ATOM.
 RDTITL> *
 PARMIO> NONBOND, HBOND lists and IMAGE atoms cleared.
  
 CHARMM>     
  
 CHARMM>    return
 VCLOSE: Closing unit   98 with status "KEEP"

                    RETURNING TO INPUT STREAM    99
  
 CHARMM>    stream toppar/toppar_ions_won.str
 VOPEN> Attempting to open::toppar/toppar_ions_won.str::
 OPNLGU> Unit 98 opened for READONLY access to toppar/toppar_ions_won.str

                    INPUT STREAM SWITCHING TO UNIT    98
 RDTITL> * TOP_IONS_WON.STR: GENERAL MODEL FOR MONO-, DI-, AND TRIVALENT CATIONS
 RDTITL> *
 Parameter: IN1 <- "" <empty>
  
 CHARMM>     
  
 CHARMM>    !This is a comprehensive set of ions developed using stochastic boundary
 CHARMM>    !conditions. It is strongly recommended that ion parameters in
 CHARMM>    !toppar_water_ions.str be used if available, as they are more highly
 CHARMM>    !optimized.  Accordingly, those ions have been commented in this
 CHARMM>    !file.
 CHARMM>    !
 CHARMM>    !reference
 CHARMM>    !Won, Y., "Force Field for Monovalent, Divalent, and Trivalent Cations
 CHARMM>    !Developed under the Solvent Boundary Potential," Journal of Physical
 CHARMM>    !Chemistry A., 116: 11763-11767, 2012.
 CHARMM>     
  
 CHARMM>     
  
 CHARMM>    !test "append" to determine if previous toppar files have been read and
 CHARMM>    !add append to "read rtf card" if true
 CHARMM>    set nat ?NATC
 RDCMND substituted energy or value "?NATC" to "488"
 Parameter: NAT <- "488"
  
 CHARMM>    set app
 Parameter: APP <- "" <empty>
  
 CHARMM>    !We're exploiting what is arguably a bug in the parser. On the left hand side,
 CHARMM>    !the quotes have priority, so NAT is correctly substituted. On the right hand
 CHARMM>    !side, the ? has priority and NATC" (sic) is not a valid substitution...
 CHARMM>    if "@NAT" ne "?NATC" if @nat ne 0 set app append
 Parameter: NAT -> "488"
 Parameter: NAT -> "488"
 RDCMND: can not substitute energy "?NATC""
 Comparing ""488"" and ""?NATC"".
 IF test evaluated as true.  Performing command
 Comparing "488" and "0".
 IF test evaluated as true.  Performing command
 Parameter: APP <- "APPEND"
  
 CHARMM>     
  
 CHARMM>    read rtf card @app
 Parameter: APP -> "APPEND"
 MAINIO> Residue topology file being read from unit  98.
 RDTITL> * TOPOLOGY FOR WATER AND IONS
 RDTITL> *
  
 CHARMM>     
  
 CHARMM>    read para card flex @app
 Parameter: APP -> "APPEND"

          PARAMETER FILE BEING READ FROM UNIT 98
 RDTITL> * PAR_CATION.PRM FOR MONO-, DI-, AND TRIVALENT CATIONS
 RDTITL> *
 PARMIO> NONBOND, HBOND lists and IMAGE atoms cleared.
  
 VCLOSE: Closing unit   98 with status "KEEP"

                    RETURNING TO INPUT STREAM    99
  
 CHARMM>    stream toppar/cam.str
 VOPEN> Attempting to open::toppar/cam.str::
 OPNLGU> Unit 98 opened for READONLY access to toppar/cam.str

                    INPUT STREAM SWITCHING TO UNIT    98
 RDTITL> READ RTF CARD APPEND
 RDTITL> No title read.
 Parameter: IN1 <- "" <empty>
  
 CHARMM>    read rtf card append
 MAINIO> Residue topology file being read from unit  98.
 RDTITL> * TOPOLOGY GENERATED BY PARMED
 RDTITL> *

      ***** LEVEL  1 WARNING FROM <rtfrdr> *****
      ***** No AUTOgen defaults specified in appended RTF. Potential conflict with prior RTF autogen options. Check.
      ******************************************
      BOMLEV (  0) IS NOT REACHED. WRNLEV IS  5

  
 CHARMM>     
  
 CHARMM>    read para card flex append

          PARAMETER FILE BEING READ FROM UNIT 98
 RDTITL> * PARAMETERS GENERATED BY PARMED
 RDTITL> *
 PARMIO> NONBOND, HBOND lists and IMAGE atoms cleared.
  
 CHARMM>     
  
 CHARMM>    ! The following section contains NBFixes for CAM interacting with
 CHARMM>    ! water.
 CHARMM>    set para
 Parameter: PARA <- "" <empty>
  
 CHARMM>    if ?NUMNODE gt 1 set para node 0
 RDCMND substituted energy or value "?NUMNODE" to "1"
 Comparing "1" and "1".
 IF test evaluated as false.  Skipping command
  
 CHARMM>     
  
 CHARMM>    set wrn ?WRNLEV
 RDCMND substituted energy or value "?WRNLEV" to "5"
 Parameter: WRN <- "5"
  
 CHARMM>    ! Some versions of CHARMM don't seem to initialize wrnlev...
 CHARMM>    if "@WRN" eq "?WRNLEV" set wrn 5
 Parameter: WRN -> "5"
 RDCMND: can not substitute energy "?WRNLEV""
 Comparing ""5"" and ""?WRNLEV"".
 IF test evaluated as false.  Skipping command
  
 CHARMM>    set bom ?bomlev
 RDCMND substituted energy or value "?BOMLEV" to "0"
 Parameter: BOM <- "0"
  
 CHARMM>    WRNLEV -1 @PARA
 Parameter: PARA -> "" <empty>
  
 CHARMM>    BOMLEV -1 @PARA
 Parameter: PARA -> "" <empty>
  
 CHARMM>     
  
 CHARMM>    read para card flex append

          PARAMETER FILE BEING READ FROM UNIT 98
 RDTITL> * NBFIX BETWEEN CAM AND WATER
 RDTITL> *
 PARMIO> NONBOND, HBOND lists and IMAGE atoms cleared.
  
 CHARMM>    BOMLEV @bom @PARA
 Parameter: BOM -> "0"
 Parameter: PARA -> "" <empty>
  
 CHARMM>    WRNLEV @wrn @PARA
 Parameter: WRN -> "5"
 Parameter: PARA -> "" <empty>
  
 CHARMM>     
  
 CHARMM>    return
 VCLOSE: Closing unit   98 with status "KEEP"

                    RETURNING TO INPUT STREAM    99
  
 CHARMM>     
  
 CHARMM>    ! Additional topologies and parameters for protein
 CHARMM>    stream toppar/toppar_all36_prot_arg0.str
 VOPEN> Attempting to open::toppar/toppar_all36_prot_arg0.str::
 OPNLGU> Unit 98 opened for READONLY access to toppar/toppar_all36_prot_arg0.str

                    INPUT STREAM SWITCHING TO UNIT    98
 RDTITL> *>>>>>> ALL-HYDROGEN TOPOLOGY FOR NEUTRAL ARG <<<<<<<<<<<<<<<<<<<<
 RDTITL> *>>>>>>>>>>>>>>>>>>>>>>> 2007 <<<<<<<<<<<<<<<<<<<<<<<<<<<<<<<<<<<<
 RDTITL> *>>>>>>>> DIRECT COMMENTS TO ALEXANDER D. MACKERELL JR. <<<<<<<<<<
 RDTITL> *>>>>>>>>>>>>>>> PARAMETER FORUM, WWW.CHARMM.ORG <<<<<<<<<<<<<<<<<
 RDTITL> *
 Parameter: IN1 <- "" <empty>
  
 CHARMM>     
  
 CHARMM>    ! Atom names include "R" (for Arg) as the second letter. The
 CHARMM>    ! only other atom types in the additive FF with this second
 CHARMM>    ! letter are histidine [HN]R[123] in the protein FF and CRL[12]
 CHARMM>    ! in toppar_all36_lipid_cholesterol.str , so no more conflicts.
 CHARMM>     
  
 CHARMM>    !Parent files that have to be read prior to streaming this file
 CHARMM>    !top_all36_prot.rtf
 CHARMM>    !par_all36_prot.rtf
 CHARMM>    !
 CHARMM>    !Testcase
 CHARMM>    !test_all36_prot_arg0.inp
 CHARMM>     
  
 CHARMM>    !Li, L., Vorobyov, I.V., MacKerell, Jr., A.D., Allen, T.W., "Is
 CHARMM>    !arginine charged in a membrane?" Biophysical Journal, 94: L11-L13,
 CHARMM>    !2008, PMCID: PMC2157258
 CHARMM>     
  
 CHARMM>    read rtf card append
 MAINIO> Residue topology file being read from unit  98.
 RDTITL> * TOPOLOGY FOR PROTEIN RELATED MODEL COMPOUNDS
 RDTITL> *
*** WARNING **** residue MGU1 already exists (old one deleted)

      ***** LEVEL  1 WARNING FROM <RTFRDR> *****
      ***** Residue already exists.
      ******************************************
      BOMLEV (  0) IS NOT REACHED. WRNLEV IS  5

          RESI MGU1          0.00
*** WARNING **** residue MGU2 already exists (old one deleted)

      ***** LEVEL  1 WARNING FROM <RTFRDR> *****
      ***** Residue already exists.
      ******************************************
      BOMLEV (  0) IS NOT REACHED. WRNLEV IS  5

          RESI MGU2          0.00
 There were   2 warning(s) from RTFRDR.
  
 CHARMM>     
  
 CHARMM>    read param card flex append

          PARAMETER FILE BEING READ FROM UNIT 98
 RDTITL>  
 RDTITL> No title read.
 PARMIO> NONBOND, HBOND lists and IMAGE atoms cleared.
  
 CHARMM>     
  
 CHARMM>    return
 VCLOSE: Closing unit   98 with status "KEEP"

                    RETURNING TO INPUT STREAM    99
  
 CHARMM>    stream toppar/toppar_all36_prot_c36m_d_aminoacids.str
 VOPEN> Attempting to open::toppar/toppar_all36_prot_c36m_d_aminoacids.str::
 OPNLGU> Unit 98 opened for READONLY access to toppar/toppar_all36_prot_c36m_d_aminoacids.str

                    INPUT STREAM SWITCHING TO UNIT    98
 RDTITL> *>>>>>>CHARMM36 ALL-HYDROGEN TOPPAR FILE FOR D-PROTEINS <<<<<<<
 RDTITL> *>>>>>>>>>>>>>>>>>>>>>>>>>> JAN. 2016 <<<<<<<<<<<<<<<<<<<<<<<<<<<<
 RDTITL> * ALL COMMENTS TO THE CHARMM WEB SITE: WWW.CHARMM.ORG
 RDTITL> *             PARAMETER SET DISCUSSION FORUM
 RDTITL> *
 Parameter: IN1 <- "" <empty>
  
 CHARMM>     
  
 CHARMM>    !update 2016/2. use directly inverted CMAPs
 CHARMM>     
  
 CHARMM>    !toppar stream file for D-amino acids. Includes new residue
 CHARMM>    !names, inverted CMAP and additional parameters.
 CHARMM>     
  
 CHARMM>    !Parent files that have to be read prior to streaming this file
 CHARMM>    !top_all36_prot.rtf
 CHARMM>    !par_all36m_prot.prm
 CHARMM>    !
 CHARMM>    !Testcase
 CHARMM>    !test_all36_d_amino_acid.inp
 CHARMM>     
  
 CHARMM>    !test "append" to determine if previous toppar files have been read and
 CHARMM>    !add append to "read rtf card" if true
 CHARMM>    set nat ?NATC
 RDCMND substituted energy or value "?NATC" to "554"
 Parameter: NAT <- "554"
  
 CHARMM>    set app
 Parameter: APP <- "" <empty>
  
 CHARMM>    !We're exploiting what is arguably a bug in the parser. On the left hand side,
 CHARMM>    !the quotes have priority, so NAT is correctly substituted. On the right hand
 CHARMM>    !side, the ? has priority and NATC" (sic) is not a valid substitution...
 CHARMM>    if "@NAT" ne "?NATC" if @nat ne 0 set app append
 Parameter: NAT -> "554"
 Parameter: NAT -> "554"
 RDCMND: can not substitute energy "?NATC""
 Comparing ""554"" and ""?NATC"".
 IF test evaluated as true.  Performing command
 Comparing "554" and "0".
 IF test evaluated as true.  Performing command
 Parameter: APP <- "APPEND"
  
 CHARMM>     
  
 CHARMM>    read rtf card @app
 Parameter: APP -> "APPEND"
 MAINIO> Residue topology file being read from unit  98.
 RDTITL> * TOPOLOGY FOR D- AMINOACIDS
 RDTITL> *
  
 CHARMM>     
  
 CHARMM>    read para card flex @app
 Parameter: APP -> "APPEND"

          PARAMETER FILE BEING READ FROM UNIT 98
 RDTITL> * PARAMETERS FOR D- AMINOACIDS
 RDTITL> *
 PARMIO> NONBOND, HBOND lists and IMAGE atoms cleared.
  
 VCLOSE: Closing unit   98 with status "KEEP"

                    RETURNING TO INPUT STREAM    99
  
 CHARMM>    stream toppar/toppar_all36_prot_fluoro_alkanes.str
 VOPEN> Attempting to open::toppar/toppar_all36_prot_fluoro_alkanes.str::
 OPNLGU> Unit 98 opened for READONLY access to toppar/toppar_all36_prot_fluoro_alkanes.str

                    INPUT STREAM SWITCHING TO UNIT    98
 RDTITL> * TOPOLOGY AND PARAMETERS FOR FLUORINATED ALKANES.
 RDTITL> *
 Parameter: IN1 <- "" <empty>
  
 CHARMM>     
  
 CHARMM>    !These parameters are maintained for historic reasons.  The CGenFF
 CHARMM>    !halogen parameters are a significant improvement over these
 CHARMM>    !parameters.
 CHARMM>     
  
 CHARMM>    !Parent files that have to be read prior to streaming this file
 CHARMM>    !top_all36_prot.rtf
 CHARMM>    !par_all36_prot.prm
 CHARMM>     
  
 CHARMM>    !Testcase
 CHARMM>    !test_all36_prot_fluoro_alkanes.inp
 CHARMM>     
  
 CHARMM>    !Reference
 CHARMM>    !Chen, I.-J., Yin, D. and MacKerell, Jr., A.D., "Combined Ab
 CHARMM>    !initio/Empirical Approach for Optimization of Lennard-Jones Parameters
 CHARMM>    !for Polar-Neutral Compounds," Journal of Computational Chemistry,
 CHARMM>    !2002, 23:199-213.
 CHARMM>    !
 CHARMM>    !Note that these parameters are higly optimized to reproduce the
 CHARMM>    !corresponding condensed phase properties and have not been incorporated
 CHARMM>    !into the CHARMM22 or CHARMM27 biomolecular force fields
 CHARMM>     
  
 CHARMM>    read rtf card append
 MAINIO> Residue topology file being read from unit  98.
 RDTITL> * TOPOLOGY FOR FLUOROALKANES
 RDTITL> *
*** WARNING **** residue ETHA already exists (old one deleted)

      ***** LEVEL  1 WARNING FROM <RTFRDR> *****
      ***** Residue already exists.
      ******************************************
      BOMLEV (  0) IS NOT REACHED. WRNLEV IS  5

          RESI ETHA  0.0
*** WARNING **** residue FETH already exists (old one deleted)

      ***** LEVEL  1 WARNING FROM <RTFRDR> *****
      ***** Residue already exists.
      ******************************************
      BOMLEV (  0) IS NOT REACHED. WRNLEV IS  5

          RESI FETH  0.0
*** WARNING **** residue DFET already exists (old one deleted)

      ***** LEVEL  1 WARNING FROM <RTFRDR> *****
      ***** Residue already exists.
      ******************************************
      BOMLEV (  0) IS NOT REACHED. WRNLEV IS  5

          RESI DFET 0.0
*** WARNING **** residue TFET already exists (old one deleted)

      ***** LEVEL  1 WARNING FROM <RTFRDR> *****
      ***** Residue already exists.
      ******************************************
      BOMLEV (  0) IS NOT REACHED. WRNLEV IS  5

          RESI TFET  0.0
*** WARNING **** residue TFE  already exists (old one deleted)

      ***** LEVEL  1 WARNING FROM <RTFRDR> *****
      ***** Residue already exists.
      ******************************************
      BOMLEV (  0) IS NOT REACHED. WRNLEV IS  5

          RESI TFE   0.0
 There were   5 warning(s) from RTFRDR.
  
 CHARMM>     
  
 CHARMM>    read para card flex append

          PARAMETER FILE BEING READ FROM UNIT 98
 RDTITL> * FLUOROALKANE PARAMETERS
 RDTITL> *
 PARMIO> NONBOND, HBOND lists and IMAGE atoms cleared.
  
 CHARMM>     
  
 CHARMM>    return
 VCLOSE: Closing unit   98 with status "KEEP"

                    RETURNING TO INPUT STREAM    99
  
 CHARMM>    stream toppar/toppar_all36_prot_heme.str
 VOPEN> Attempting to open::toppar/toppar_all36_prot_heme.str::
 OPNLGU> Unit 98 opened for READONLY access to toppar/toppar_all36_prot_heme.str

                    INPUT STREAM SWITCHING TO UNIT    98
 RDTITL> * TOPOLOGY AND PARAMETER STREAM FILE FOR HEME AND RELATED
 RDTITL> * LIGANDS AND PATCHES.
 RDTITL> *
 Parameter: IN1 <- "" <empty>
  
 CHARMM>     
  
 CHARMM>    !updated 2016/2, allow for use of AUTOGENERATE ANGLE DIHEDRAl PATCH
 CHARMM>     
  
 CHARMM>    !Parent files that have to be read prior to streaming this file
 CHARMM>    !top_all36_prot.rtf
 CHARMM>    !par_all36_prot.prm
 CHARMM>     
  
 CHARMM>    !Testcase
 CHARMM>    !test_all36_prot_heme.inp
 CHARMM>     
  
 CHARMM>    read rtf card append
 MAINIO> Residue topology file being read from unit  98.
 RDTITL> * TOPOLOGY FOR HEME AND RELATED COMPOUNDS AND PATCHES
 RDTITL> *
*** WARNING **** residue CO2  already exists (old one deleted)

      ***** LEVEL  1 WARNING FROM <RTFRDR> *****
      ***** Residue already exists.
      ******************************************
      BOMLEV (  0) IS NOT REACHED. WRNLEV IS  5

          RESI CO2             0.00
 There were   1 warning(s) from RTFRDR.
  
 CHARMM>     
  
 CHARMM>    read para card flex append

          PARAMETER FILE BEING READ FROM UNIT 98
 RDTITL> * ADDITIONAL PARAMETERS FOR HEME
 RDTITL> *
 PARMIO> NONBOND, HBOND lists and IMAGE atoms cleared.
  
 CHARMM>     
  
 CHARMM>    return
 VCLOSE: Closing unit   98 with status "KEEP"

                    RETURNING TO INPUT STREAM    99
  
 CHARMM>    stream toppar/toppar_all36_prot_na_combined.str
 VOPEN> Attempting to open::toppar/toppar_all36_prot_na_combined.str::
 OPNLGU> Unit 98 opened for READONLY access to toppar/toppar_all36_prot_na_combined.str

                    INPUT STREAM SWITCHING TO UNIT    98
 RDTITL> * TOPOLOGY AND PARAMETER STREAM FILE FOR PATCHES TO CREATE
 RDTITL> * MODEL COMPOUNDS AND PATCHES THAT REQUIRE BOTH PROTEIN AND
 RDTITL> * NUCLEIC ACID TOPOLOGY AND PARAMETER INFORMATION
 RDTITL> *
 Parameter: IN1 <- "" <empty>
  
 CHARMM>     
  
 CHARMM>    !Parent files that have to be read prior to streaming this file
 CHARMM>    !top_all36_prot.rtf
 CHARMM>    !par_all36_prot.prm
 CHARMM>    !top_all36_na.rtf
 CHARMM>    !par_all36_na.prm
 CHARMM>    !stream/toppar_all36_prot_fluoro_alkanes.str ! atom types an parameters for fluorinated compounds
 CHARMM>     
  
 CHARMM>    !Testcase
 CHARMM>    !test_all36_prot_na_combined.inp
 CHARMM>     
  
 CHARMM>    !all patches must be followed by AUTOGENERATE ANGLES DIHEDRALS
 CHARMM>     
  
 CHARMM>    !PHOSPHOTYROSINE
 CHARMM>    !
 CHARMM>    !Feng, M.-H., Philippopoulos, M., MacKerell, Jr., A.D. and Lim, C.
 CHARMM>    !Structural Characterization of the Phosphotyrosine Binding Region of a
 CHARMM>    !High-Affinity aSH2 Domain-Phosphopeptide Complex by Molecular Dynamics
 CHARMM>    !Simulation and Chemical Shift Calculations. Journal of the American
 CHARMM>    !Chemical Society, 1996, 118: 11265-11277.
 CHARMM>     
  
 CHARMM>    read rtf card append
 MAINIO> Residue topology file being read from unit  98.
 RDTITL> * TOPOLOGY FOR PHOSPHORYLATED AMINO ACIDS
 RDTITL> *
*** WARNING **** residue THFI already exists (old one deleted)

      ***** LEVEL  1 WARNING FROM <RTFRDR> *****
      ***** Residue already exists.
      ******************************************
      BOMLEV (  0) IS NOT REACHED. WRNLEV IS  5

          RESI THFI       0.00
*** WARNING **** residue THMI already exists (old one deleted)

      ***** LEVEL  1 WARNING FROM <RTFRDR> *****
      ***** Residue already exists.
      ******************************************
      BOMLEV (  0) IS NOT REACHED. WRNLEV IS  5

          RESI THMI       0.00
*** WARNING **** residue THFA already exists (old one deleted)

      ***** LEVEL  1 WARNING FROM <RTFRDR> *****
      ***** Residue already exists.
      ******************************************
      BOMLEV (  0) IS NOT REACHED. WRNLEV IS  5

          RESI THFA        0.00
*** WARNING **** residue THAO already exists (old one deleted)

      ***** LEVEL  1 WARNING FROM <RTFRDR> *****
      ***** Residue already exists.
      ******************************************
      BOMLEV (  0) IS NOT REACHED. WRNLEV IS  5

          RESI THAO         0.00
*** WARNING **** residue RNUS already exists (old one deleted)

      ***** LEVEL  1 WARNING FROM <RTFRDR> *****
      ***** Residue already exists.
      ******************************************
      BOMLEV (  0) IS NOT REACHED. WRNLEV IS  5

          RESI RNUS         0.00
*** WARNING **** residue NUCL already exists (old one deleted)

      ***** LEVEL  1 WARNING FROM <RTFRDR> *****
      ***** Residue already exists.
      ******************************************
      BOMLEV (  0) IS NOT REACHED. WRNLEV IS  5

          RESI NUCL        -1.00
*** WARNING **** residue PPH1 already exists (old one deleted)

      ***** LEVEL  1 WARNING FROM <RTFRDR> *****
      ***** Residue already exists.
      ******************************************
      BOMLEV (  0) IS NOT REACHED. WRNLEV IS  5

          RESI PPH1      -1.00
*** WARNING **** residue BMPH already exists (old one deleted)

      ***** LEVEL  1 WARNING FROM <RTFRDR> *****
      ***** Residue already exists.
      ******************************************
      BOMLEV (  0) IS NOT REACHED. WRNLEV IS  5

          RESI BMPH      -1.00
*** WARNING **** residue BMPD already exists (old one deleted)

      ***** LEVEL  1 WARNING FROM <RTFRDR> *****
      ***** Residue already exists.
      ******************************************
      BOMLEV (  0) IS NOT REACHED. WRNLEV IS  5

          RESI BMPD      -2.00
*** WARNING **** residue BDFP already exists (old one deleted)

      ***** LEVEL  1 WARNING FROM <RTFRDR> *****
      ***** Residue already exists.
      ******************************************
      BOMLEV (  0) IS NOT REACHED. WRNLEV IS  5

          RESI BDFP      -1.00
*** WARNING **** residue BDFD already exists (old one deleted)

      ***** LEVEL  1 WARNING FROM <RTFRDR> *****
      ***** Residue already exists.
      ******************************************
      BOMLEV (  0) IS NOT REACHED. WRNLEV IS  5

          RESI BDFD -2.00
*** WARNING **** residue EP_2 already exists (old one deleted)

      ***** LEVEL  1 WARNING FROM <RTFRDR> *****
      ***** Residue already exists.
      ******************************************
      BOMLEV (  0) IS NOT REACHED. WRNLEV IS  5

          RESI EP_2        -2.00
*** WARNING **** residue IP_2 already exists (old one deleted)

      ***** LEVEL  1 WARNING FROM <RTFRDR> *****
      ***** Residue already exists.
      ******************************************
      BOMLEV (  0) IS NOT REACHED. WRNLEV IS  5

          RESI IP_2        -2.00
 There were  13 warning(s) from RTFRDR.
  
 CHARMM>     
  
 CHARMM>    read para card flex append

          PARAMETER FILE BEING READ FROM UNIT 98
 RDTITL> * ADDITIONAL PARAMETERS FOR PHOSPHORYLATED AMINO ACIDS
 RDTITL> *
 PARMIO> NONBOND, HBOND lists and IMAGE atoms cleared.
  
 VCLOSE: Closing unit   98 with status "KEEP"

                    RETURNING TO INPUT STREAM    99
  
 CHARMM>    stream toppar/toppar_all36_prot_retinol.str
 VOPEN> Attempting to open::toppar/toppar_all36_prot_retinol.str::
 OPNLGU> Unit 98 opened for READONLY access to toppar/toppar_all36_prot_retinol.str

                    INPUT STREAM SWITCHING TO UNIT    98
 RDTITL> * TOPPAR STREAM FILE FOR RETINOL AND RETINAL PARAMETERS
 RDTITL> * A. LOCCISANO, A.M.W., J. EVANSECK AND A.D. MACKERELL, JR.
 RDTITL> * APRIL, 2005
 RDTITL> *
 Parameter: IN1 <- "" <empty>
  
 CHARMM>     
  
 CHARMM>    !use with c36 protein force fields
 CHARMM>    !top_all36_prot.rtf
 CHARMM>    !par_all36_prot.prm
 CHARMM>     
  
 CHARMM>    read rtf card append
 MAINIO> Residue topology file being read from unit  98.
 RDTITL> * RETINAL/RETINOL AND RELATED MODEL COMPOUNDS
 RDTITL> *
*** WARNING **** residue BTE2 already exists (old one deleted)

      ***** LEVEL  1 WARNING FROM <RTFRDR> *****
      ***** Residue already exists.
      ******************************************
      BOMLEV (  0) IS NOT REACHED. WRNLEV IS  5

          RESI BTE2       0.00
*** WARNING **** residue 13DB already exists (old one deleted)

      ***** LEVEL  1 WARNING FROM <RTFRDR> *****
      ***** Residue already exists.
      ******************************************
      BOMLEV (  0) IS NOT REACHED. WRNLEV IS  5

          RESI 13DB       0.00
*** WARNING **** residue 13DP already exists (old one deleted)

      ***** LEVEL  1 WARNING FROM <RTFRDR> *****
      ***** Residue already exists.
      ******************************************
      BOMLEV (  0) IS NOT REACHED. WRNLEV IS  5

          RESI 13DP       0.00
*** WARNING **** residue DMB1 already exists (old one deleted)

      ***** LEVEL  1 WARNING FROM <RTFRDR> *****
      ***** Residue already exists.
      ******************************************
      BOMLEV (  0) IS NOT REACHED. WRNLEV IS  5

          RESI DMB1       0.00
*** WARNING **** residue DMP1 already exists (old one deleted)

      ***** LEVEL  1 WARNING FROM <RTFRDR> *****
      ***** Residue already exists.
      ******************************************
      BOMLEV (  0) IS NOT REACHED. WRNLEV IS  5

          RESI DMP1       0.00
*** WARNING **** residue DMP2 already exists (old one deleted)

      ***** LEVEL  1 WARNING FROM <RTFRDR> *****
      ***** Residue already exists.
      ******************************************
      BOMLEV (  0) IS NOT REACHED. WRNLEV IS  5

          RESI DMP2       0.00
*** WARNING **** residue CROT already exists (old one deleted)

      ***** LEVEL  1 WARNING FROM <RTFRDR> *****
      ***** Residue already exists.
      ******************************************
      BOMLEV (  0) IS NOT REACHED. WRNLEV IS  5

          RESI CROT       0.00
*** WARNING **** residue PACP already exists (old one deleted)

      ***** LEVEL  1 WARNING FROM <RTFRDR> *****
      ***** Residue already exists.
      ******************************************
      BOMLEV (  0) IS NOT REACHED. WRNLEV IS  5

          RESI PACP       0.00
*** WARNING **** residue MECH already exists (old one deleted)

      ***** LEVEL  1 WARNING FROM <RTFRDR> *****
      ***** Residue already exists.
      ******************************************
      BOMLEV (  0) IS NOT REACHED. WRNLEV IS  5

          RESI MECH       0.00
*** WARNING **** residue TMCH already exists (old one deleted)

      ***** LEVEL  1 WARNING FROM <RTFRDR> *****
      ***** Residue already exists.
      ******************************************
      BOMLEV (  0) IS NOT REACHED. WRNLEV IS  5

          RESI TMCH       0.00
*** WARNING **** residue FRET already exists (old one deleted)

      ***** LEVEL  1 WARNING FROM <RTFRDR> *****
      ***** Residue already exists.
      ******************************************
      BOMLEV (  0) IS NOT REACHED. WRNLEV IS  5

          RESI FRET       0.00
*** WARNING **** residue RTOL already exists (old one deleted)

      ***** LEVEL  1 WARNING FROM <RTFRDR> *****
      ***** Residue already exists.
      ******************************************
      BOMLEV (  0) IS NOT REACHED. WRNLEV IS  5

          RESI RTOL       0.00
*** WARNING **** residue RTAL already exists (old one deleted)

      ***** LEVEL  1 WARNING FROM <RTFRDR> *****
      ***** Residue already exists.
      ******************************************
      BOMLEV (  0) IS NOT REACHED. WRNLEV IS  5

          RESI RTAL       0.00
*** WARNING **** residue RTAC already exists (old one deleted)

      ***** LEVEL  1 WARNING FROM <RTFRDR> *****
      ***** Residue already exists.
      ******************************************
      BOMLEV (  0) IS NOT REACHED. WRNLEV IS  5

          RESI RTAC      -1.00
*** WARNING **** residue PRAC already exists (old one deleted)

      ***** LEVEL  1 WARNING FROM <RTFRDR> *****
      ***** Residue already exists.
      ******************************************
      BOMLEV (  0) IS NOT REACHED. WRNLEV IS  5

          RESI PRAC      -1.00
*** WARNING **** residue PROL already exists (old one deleted)

      ***** LEVEL  1 WARNING FROM <RTFRDR> *****
      ***** Residue already exists.
      ******************************************
      BOMLEV (  0) IS NOT REACHED. WRNLEV IS  5

          RESI PROL       0.00
*** WARNING **** residue PRAL already exists (old one deleted)

      ***** LEVEL  1 WARNING FROM <RTFRDR> *****
      ***** Residue already exists.
      ******************************************
      BOMLEV (  0) IS NOT REACHED. WRNLEV IS  5

          RESI PRAL       0.00
*** WARNING **** residue SCH1 already exists (old one deleted)

      ***** LEVEL  1 WARNING FROM <RTFRDR> *****
      ***** Residue already exists.
      ******************************************
      BOMLEV (  0) IS NOT REACHED. WRNLEV IS  5

          RESI SCH1       0.00
*** WARNING **** residue SCH2 already exists (old one deleted)

      ***** LEVEL  1 WARNING FROM <RTFRDR> *****
      ***** Residue already exists.
      ******************************************
      BOMLEV (  0) IS NOT REACHED. WRNLEV IS  5

          RESI SCH2       1.00
*** WARNING **** residue SCH3 already exists (old one deleted)

      ***** LEVEL  1 WARNING FROM <RTFRDR> *****
      ***** Residue already exists.
      ******************************************
      BOMLEV (  0) IS NOT REACHED. WRNLEV IS  5

          RESI SCH3       1.00
 There were  20 warning(s) from RTFRDR.
  
 CHARMM>     
  
 CHARMM>    read para card flex append

          PARAMETER FILE BEING READ FROM UNIT 98
 RDTITL> * RETINAL/RETINOL AND RELATED PARAMETERS
 RDTITL> *
 PARMIO> NONBOND, HBOND lists and IMAGE atoms cleared.
  
 CHARMM>     
  
 VCLOSE: Closing unit   98 with status "KEEP"

                    RETURNING TO INPUT STREAM    99
  
 CHARMM>    stream toppar/toppar_all36_prot_model.str
 VOPEN> Attempting to open::toppar/toppar_all36_prot_model.str::
 OPNLGU> Unit 98 opened for READONLY access to toppar/toppar_all36_prot_model.str

                    INPUT STREAM SWITCHING TO UNIT    98
 RDTITL> *>> ALL-HYDROGEN TOPOLOGY FOR SMALL MODEL COMPOUNDS USED IN THE <<
 RDTITL> *>> DEVELOPMENT OF THE CHARMM22 PROTEIN ALL-HYDROGEN PARAMETERS <<
 RDTITL> *>>>>>>>>>>>>>>>>>>>>>>> JULY 1997 <<<<<<<<<<<<<<<<<<<<<<<<<<<<<<<
 RDTITL> *>>>>>>>> DIRECT COMMENTS TO ALEXANDER D. MACKERELL JR. <<<<<<<<<<
 RDTITL> *>>>>>>>>>>>>>>> PARAMETER FORUM, WWW.CHARMM.ORG <<<<<<<<<<<<<<<<<
 RDTITL> *CONVERTED TO STREAM FORMAT, DECEMBER 2003
 RDTITL> *CONVERTED TO CHARMM36 PROTEIN ATOM TYPES, MAY 2011
 RDTITL> *
 Parameter: IN1 <- "" <empty>
  
 CHARMM>     
  
 CHARMM>    !Parent files that have to be read prior to streaming this file
 CHARMM>    !top_all36_prot.rtf
 CHARMM>    !par_all36_prot.prm
 CHARMM>    !
 CHARMM>    !Testcase
 CHARMM>    !test_all36_prot_model.inp
 CHARMM>     
  
 CHARMM>    !changes after 9/98
 CHARMM>    !
 CHARMM>    !change alkene HA1 and HA2 to HE1 and HE2
 CHARMM>    !
 CHARMM>    !improper atom ordering corrected
 CHARMM>    !
 CHARMM>    !version b5i to be consistent with protein toppar files
 CHARMM>    !
 CHARMM>    !Heme vinyl groups upgraded based on new butene parameters
 CHARMM>    !
 CHARMM>     
  
 CHARMM>    ! references
 CHARMM>    !
 CHARMM>    !PROTEINS
 CHARMM>    !
 CHARMM>    !MacKerell, Jr., A. D.; Bashford, D.; Bellott, M.; Dunbrack Jr., R.L.;
 CHARMM>    !Evanseck, J.D.; Field, M.J.; Fischer, S.; Gao, J.; Guo, H.; Ha, S.;
 CHARMM>    !Joseph-McCarthy, D.; Kuchnir, L.; Kuczera, K.; Lau, F.T.K.; Mattos,
 CHARMM>    !C.; Michnick, S.; Ngo, T.; Nguyen, D.T.; Prodhom, B.; Reiher, III,
 CHARMM>    !W.E.; Roux, B.; Schlenkrich, M.; Smith, J.C.; Stote, R.; Straub, J.;
 CHARMM>    !Watanabe, M.; Wiorkiewicz-Kuczera, J.; Yin, D.; Karplus, M.  All-atom
 CHARMM>    !empirical potential for molecular modeling and dynamics Studies of
 CHARMM>    !proteins.  Journal of Physical Chemistry B, 1998, 102, 3586-3616.
 CHARMM>     
  
 CHARMM>    read rtf card append
 MAINIO> Residue topology file being read from unit  98.
 RDTITL> * TOPOLOGY FOR PROTEIN RELATED MODEL COMPOUNDS
 RDTITL> *
*** WARNING **** residue ACET already exists (old one deleted)

      ***** LEVEL  1 WARNING FROM <RTFRDR> *****
      ***** Residue already exists.
      ******************************************
      BOMLEV (  0) IS NOT REACHED. WRNLEV IS  5

          RESI ACET       -1.00
*** WARNING **** residue PROA already exists (old one deleted)

      ***** LEVEL  1 WARNING FROM <RTFRDR> *****
      ***** Residue already exists.
      ******************************************
      BOMLEV (  0) IS NOT REACHED. WRNLEV IS  5

          RESI PROA       -1.00
*** WARNING **** residue GUAN already exists (old one deleted)

      ***** LEVEL  1 WARNING FROM <RTFRDR> *****
      ***** Residue already exists.
      ******************************************
      BOMLEV (  0) IS NOT REACHED. WRNLEV IS  5

          RESI GUAN        1.00
*** WARNING **** residue MGUA already exists (old one deleted)

      ***** LEVEL  1 WARNING FROM <RTFRDR> *****
      ***** Residue already exists.
      ******************************************
      BOMLEV (  0) IS NOT REACHED. WRNLEV IS  5

          RESI MGUA        1.00
*** WARNING **** residue GLYN already exists (old one deleted)

      ***** LEVEL  1 WARNING FROM <RTFRDR> *****
      ***** Residue already exists.
      ******************************************
      BOMLEV (  0) IS NOT REACHED. WRNLEV IS  5

          RESI GLYN         0.00
*** WARNING **** residue MAMM already exists (old one deleted)

      ***** LEVEL  1 WARNING FROM <RTFRDR> *****
      ***** Residue already exists.
      ******************************************
      BOMLEV (  0) IS NOT REACHED. WRNLEV IS  5

          RESI MAMM        1.00
*** WARNING **** residue EAMM already exists (old one deleted)

      ***** LEVEL  1 WARNING FROM <RTFRDR> *****
      ***** Residue already exists.
      ******************************************
      BOMLEV (  0) IS NOT REACHED. WRNLEV IS  5

          RESI EAMM        1.00
*** WARNING **** residue ACEH already exists (old one deleted)

      ***** LEVEL  1 WARNING FROM <RTFRDR> *****
      ***** Residue already exists.
      ******************************************
      BOMLEV (  0) IS NOT REACHED. WRNLEV IS  5

          RESI ACEH        0.00
*** WARNING **** residue MEOH already exists (old one deleted)

      ***** LEVEL  1 WARNING FROM <RTFRDR> *****
      ***** Residue already exists.
      ******************************************
      BOMLEV (  0) IS NOT REACHED. WRNLEV IS  5

          RESI MEOH        0.00
*** WARNING **** residue METO already exists (old one deleted)

      ***** LEVEL  1 WARNING FROM <RTFRDR> *****
      ***** Residue already exists.
      ******************************************
      BOMLEV (  0) IS NOT REACHED. WRNLEV IS  5

          RESI METO       -1.00
*** WARNING **** residue ETOH already exists (old one deleted)

      ***** LEVEL  1 WARNING FROM <RTFRDR> *****
      ***** Residue already exists.
      ******************************************
      BOMLEV (  0) IS NOT REACHED. WRNLEV IS  5

          RESI ETOH        0.00
*** WARNING **** residue ETO  already exists (old one deleted)

      ***** LEVEL  1 WARNING FROM <RTFRDR> *****
      ***** Residue already exists.
      ******************************************
      BOMLEV (  0) IS NOT REACHED. WRNLEV IS  5

          RESI ETO        -1.00
*** WARNING **** residue PRO2 already exists (old one deleted)

      ***** LEVEL  1 WARNING FROM <RTFRDR> *****
      ***** Residue already exists.
      ******************************************
      BOMLEV (  0) IS NOT REACHED. WRNLEV IS  5

          RESI PRO2        0.00
*** WARNING **** residue FORM already exists (old one deleted)

      ***** LEVEL  1 WARNING FROM <RTFRDR> *****
      ***** Residue already exists.
      ******************************************
      BOMLEV (  0) IS NOT REACHED. WRNLEV IS  5

          RESI FORM        0.00
*** WARNING **** residue ACEM already exists (old one deleted)

      ***** LEVEL  1 WARNING FROM <RTFRDR> *****
      ***** Residue already exists.
      ******************************************
      BOMLEV (  0) IS NOT REACHED. WRNLEV IS  5

          RESI ACEM        0.00
*** WARNING **** residue NMA  already exists (old one deleted)

      ***** LEVEL  1 WARNING FROM <RTFRDR> *****
      ***** Residue already exists.
      ******************************************
      BOMLEV (  0) IS NOT REACHED. WRNLEV IS  5

          RESI NMA         0.00
*** WARNING **** residue MESH already exists (old one deleted)

      ***** LEVEL  1 WARNING FROM <RTFRDR> *****
      ***** Residue already exists.
      ******************************************
      BOMLEV (  0) IS NOT REACHED. WRNLEV IS  5

          RESI MESH        0.00
*** WARNING **** residue MES1 already exists (old one deleted)

      ***** LEVEL  1 WARNING FROM <RTFRDR> *****
      ***** Residue already exists.
      ******************************************
      BOMLEV (  0) IS NOT REACHED. WRNLEV IS  5

          RESI MES1       -1.00
*** WARNING **** residue ETSH already exists (old one deleted)

      ***** LEVEL  1 WARNING FROM <RTFRDR> *****
      ***** Residue already exists.
      ******************************************
      BOMLEV (  0) IS NOT REACHED. WRNLEV IS  5

          RESI ETSH        0.00
*** WARNING **** residue ES1  already exists (old one deleted)

      ***** LEVEL  1 WARNING FROM <RTFRDR> *****
      ***** Residue already exists.
      ******************************************
      BOMLEV (  0) IS NOT REACHED. WRNLEV IS  5

          RESI ES1        -1.00
*** WARNING **** residue DMDS already exists (old one deleted)

      ***** LEVEL  1 WARNING FROM <RTFRDR> *****
      ***** Residue already exists.
      ******************************************
      BOMLEV (  0) IS NOT REACHED. WRNLEV IS  5

          RESI DMDS        0.00
*** WARNING **** residue DEDS already exists (old one deleted)

      ***** LEVEL  1 WARNING FROM <RTFRDR> *****
      ***** Residue already exists.
      ******************************************
      BOMLEV (  0) IS NOT REACHED. WRNLEV IS  5

          RESI DEDS        0.00
*** WARNING **** residue EMS  already exists (old one deleted)

      ***** LEVEL  1 WARNING FROM <RTFRDR> *****
      ***** Residue already exists.
      ******************************************
      BOMLEV (  0) IS NOT REACHED. WRNLEV IS  5

          RESI EMS         0.00
*** WARNING **** residue IMIA already exists (old one deleted)

      ***** LEVEL  1 WARNING FROM <RTFRDR> *****
      ***** Residue already exists.
      ******************************************
      BOMLEV (  0) IS NOT REACHED. WRNLEV IS  5

          RESI IMIA        0.00
*** WARNING **** residue MIMI already exists (old one deleted)

      ***** LEVEL  1 WARNING FROM <RTFRDR> *****
      ***** Residue already exists.
      ******************************************
      BOMLEV (  0) IS NOT REACHED. WRNLEV IS  5

          RESI MIMI        0.00
*** WARNING **** residue EIMI already exists (old one deleted)

      ***** LEVEL  1 WARNING FROM <RTFRDR> *****
      ***** Residue already exists.
      ******************************************
      BOMLEV (  0) IS NOT REACHED. WRNLEV IS  5

          RESI EIMI        0.00
*** WARNING **** residue IMIM already exists (old one deleted)

      ***** LEVEL  1 WARNING FROM <RTFRDR> *****
      ***** Residue already exists.
      ******************************************
      BOMLEV (  0) IS NOT REACHED. WRNLEV IS  5

          RESI IMIM        1.00
*** WARNING **** residue EIMM already exists (old one deleted)

      ***** LEVEL  1 WARNING FROM <RTFRDR> *****
      ***** Residue already exists.
      ******************************************
      BOMLEV (  0) IS NOT REACHED. WRNLEV IS  5

          RESI EIMM        1.00
*** WARNING **** residue BENZ already exists (old one deleted)

      ***** LEVEL  1 WARNING FROM <RTFRDR> *****
      ***** Residue already exists.
      ******************************************
      BOMLEV (  0) IS NOT REACHED. WRNLEV IS  5

          RESI BENZ        0.00
*** WARNING **** residue EBEN already exists (old one deleted)

      ***** LEVEL  1 WARNING FROM <RTFRDR> *****
      ***** Residue already exists.
      ******************************************
      BOMLEV (  0) IS NOT REACHED. WRNLEV IS  5

          RESI EBEN         0.00
*** WARNING **** residue PHEN already exists (old one deleted)

      ***** LEVEL  1 WARNING FROM <RTFRDR> *****
      ***** Residue already exists.
      ******************************************
      BOMLEV (  0) IS NOT REACHED. WRNLEV IS  5

          RESI PHEN        0.00
*** WARNING **** residue EPHE already exists (old one deleted)

      ***** LEVEL  1 WARNING FROM <RTFRDR> *****
      ***** Residue already exists.
      ******************************************
      BOMLEV (  0) IS NOT REACHED. WRNLEV IS  5

          RESI EPHE        0.00
*** WARNING **** residue PHEO already exists (old one deleted)

      ***** LEVEL  1 WARNING FROM <RTFRDR> *****
      ***** Residue already exists.
      ******************************************
      BOMLEV (  0) IS NOT REACHED. WRNLEV IS  5

          RESI PHEO       -1.00
*** WARNING **** residue INDO already exists (old one deleted)

      ***** LEVEL  1 WARNING FROM <RTFRDR> *****
      ***** Residue already exists.
      ******************************************
      BOMLEV (  0) IS NOT REACHED. WRNLEV IS  5

          RESI INDO        0.00
*** WARNING **** residue EIND already exists (old one deleted)

      ***** LEVEL  1 WARNING FROM <RTFRDR> *****
      ***** Residue already exists.
      ******************************************
      BOMLEV (  0) IS NOT REACHED. WRNLEV IS  5

          RESI EIND        0.00
*** WARNING **** residue PDIP already exists (old one deleted)

      ***** LEVEL  1 WARNING FROM <RTFRDR> *****
      ***** Residue already exists.
      ******************************************
      BOMLEV (  0) IS NOT REACHED. WRNLEV IS  5

          RESI PDIP        0.00
*** WARNING **** residue ETHA already exists (old one deleted)

      ***** LEVEL  1 WARNING FROM <RTFRDR> *****
      ***** Residue already exists.
      ******************************************
      BOMLEV (  0) IS NOT REACHED. WRNLEV IS  5

          RESI ETHA        0.00
*** WARNING **** residue PRPA already exists (old one deleted)

      ***** LEVEL  1 WARNING FROM <RTFRDR> *****
      ***** Residue already exists.
      ******************************************
      BOMLEV (  0) IS NOT REACHED. WRNLEV IS  5

          RESI PRPA        0.00
*** WARNING **** residue IBUT already exists (old one deleted)

      ***** LEVEL  1 WARNING FROM <RTFRDR> *****
      ***** Residue already exists.
      ******************************************
      BOMLEV (  0) IS NOT REACHED. WRNLEV IS  5

          RESI IBUT        0.00
*** WARNING **** residue OCOH already exists (old one deleted)

      ***** LEVEL  1 WARNING FROM <RTFRDR> *****
      ***** Residue already exists.
      ******************************************
      BOMLEV (  0) IS NOT REACHED. WRNLEV IS  5

          RESI OCOH    0.0
*** WARNING **** residue CO3  already exists (old one deleted)

      ***** LEVEL  1 WARNING FROM <RTFRDR> *****
      ***** Residue already exists.
      ******************************************
      BOMLEV (  0) IS NOT REACHED. WRNLEV IS  5

          RESI CO3  -2.0
*** WARNING **** residue C3   already exists (old one deleted)

      ***** LEVEL  1 WARNING FROM <RTFRDR> *****
      ***** Residue already exists.
      ******************************************
      BOMLEV (  0) IS NOT REACHED. WRNLEV IS  5

          RESI C3    0.00
 There were  42 warning(s) from RTFRDR.
  
 CHARMM>     
  
 CHARMM>    read para card flex append

          PARAMETER FILE BEING READ FROM UNIT 98
 RDTITL>  
 RDTITL> No title read.
 PARMIO> NONBOND, HBOND lists and IMAGE atoms cleared.
  
 CHARMM>     
  
 CHARMM>    return
 VCLOSE: Closing unit   98 with status "KEEP"

                    RETURNING TO INPUT STREAM    99
  
 CHARMM>    stream toppar/toppar_all36_prot_modify_res.str
 VOPEN> Attempting to open::toppar/toppar_all36_prot_modify_res.str::
 OPNLGU> Unit 98 opened for READONLY access to toppar/toppar_all36_prot_modify_res.str

                    INPUT STREAM SWITCHING TO UNIT    98
 RDTITL> * TOPPAR FILE FOR VARIOUS MODIFIED RESIDUES AND PATCHES, INCLUDING
 RDTITL> * PATCHES TO COVALENTLY LINK RESIDUES TO IONS TO WORK WITH THE
 RDTITL> * ADDITIVE C36 PROTEIN FORCE FIELD
 RDTITL> * REQUIRES CGENFF PARAMETER FILE
 RDTITL> *
 Parameter: IN1 <- "" <empty>
  
 CHARMM>     
  
 CHARMM>    !Acetyllysine (ALY)
 CHARMM>    !Norleucine (NLE) and
 CHARMM>    ! residues and patches for Zn-protein interactions modeled using
 CHARMM>    ! bond and angles between the protein and Zn.
 CHARMM>     
  
 CHARMM>    !non-standard amino acids: 2021
 CHARMM>    !Croitoru, A., Park, S.-J., Kumar, A., Lee, J., Im, Wonpil; MacKerell,
 CHARMM>    !A.D., Jr., and Aleksandrov, A. Additive CHARMM36 Force Field for
 CHARMM>    !Nonstandard Amino Acids, Journal of Chemical Theory and Computation,
 CHARMM>    !17:3554-3570, doi: 10.1021/acs.jctc.1c00254.
 CHARMM>     
  
 CHARMM>    read rtf card append
 MAINIO> Residue topology file being read from unit  98.
 RDTITL> * TOPPAR FILE PROTEIN MODIFICATIONS
 RDTITL> *
*** WARNING **** residue CGU  already exists (old one deleted)

      ***** LEVEL  1 WARNING FROM <RTFRDR> *****
      ***** Residue already exists.
      ******************************************
      BOMLEV (  0) IS NOT REACHED. WRNLEV IS  5

          RESI CGU              -2.000
*** WARNING **** residue CME  already exists (old one deleted)

      ***** LEVEL  1 WARNING FROM <RTFRDR> *****
      ***** Residue already exists.
      ******************************************
      BOMLEV (  0) IS NOT REACHED. WRNLEV IS  5

          RESI CME               0.000
*** WARNING **** residue HIC  already exists (old one deleted)

      ***** LEVEL  1 WARNING FROM <RTFRDR> *****
      ***** Residue already exists.
      ******************************************
      BOMLEV (  0) IS NOT REACHED. WRNLEV IS  5

          RESI HIC               0.000
*** WARNING **** residue HICP already exists (old one deleted)

      ***** LEVEL  1 WARNING FROM <RTFRDR> *****
      ***** Residue already exists.
      ******************************************
      BOMLEV (  0) IS NOT REACHED. WRNLEV IS  5

          RESI HICP              1.000
*** WARNING **** residue CGUP already exists (old one deleted)

      ***** LEVEL  1 WARNING FROM <RTFRDR> *****
      ***** Residue already exists.
      ******************************************
      BOMLEV (  0) IS NOT REACHED. WRNLEV IS  5

          RESI CGUP             -1.000
 There were   5 warning(s) from RTFRDR.
  
 CHARMM>     
  
 CHARMM>    read para card append flex

          PARAMETER FILE BEING READ FROM UNIT 98
 RDTITL>  
 RDTITL> No title read.
 PARMIO> NONBOND, HBOND lists and IMAGE atoms cleared.
  
 CHARMM>     
  
 CHARMM>    return
 VCLOSE: Closing unit   98 with status "KEEP"

                    RETURNING TO INPUT STREAM    99
  
 CHARMM>     
  
 CHARMM>    ! Additional topologies and parameters for nucleic acids
 CHARMM>    stream toppar/toppar_all36_na_nad_ppi.str
 VOPEN> Attempting to open::toppar/toppar_all36_na_nad_ppi.str::
 OPNLGU> Unit 98 opened for READONLY access to toppar/toppar_all36_na_nad_ppi.str

                    INPUT STREAM SWITCHING TO UNIT    98
 RDTITL> * CHARMM36 ALL-HYDROGEN NUCLEIC ACID FORCE TOPPAR STREAM FILE
 RDTITL> * NAD+, NADH, ADP, ATP, PPI AND RELATED ANALOGS
 RDTITL> * A.D. MACKERELL, JR., JULY 2001
 RDTITL> * STREAM FOLLOWING RTF AND PARAM READ OF
 RDTITL> *
 Parameter: IN1 <- "" <empty>
  
 CHARMM>     
  
 CHARMM>    !Update, 2015/1, nomenclature for NAD+ etc. consistent with PDB
 CHARMM>     
  
 CHARMM>    !Parent files that have to be read prior to streaming this file
 CHARMM>    !top_all36_na.rtf
 CHARMM>    !par_all36_na.prm
 CHARMM>     
  
 CHARMM>    !Testcase
 CHARMM>    !test_all36_na_nad_ppi.inp
 CHARMM>     
  
 CHARMM>    !Reference
 CHARMM>    !Pavelites, J.J., Bash, P.A., Gao, J., and MacKerell, Jr.,
 CHARMM>    !A.D. A Molecular Mechanics Force Field for NAD+, NADH and the
 CHARMM>    !Pyrophosphate Groups of Nucleotides, Journal of Computational
 CHARMM>    !Chemistry, 1997, 18: 221-239.
 CHARMM>     
  
 CHARMM>    read rtf card append
 MAINIO> Residue topology file being read from unit  98.
 RDTITL> * NAD, PPI TOPOLOGY
 RDTITL> *
*** WARNING **** residue NIC  already exists (old one deleted)

      ***** LEVEL  1 WARNING FROM <RTFRDR> *****
      ***** Residue already exists.
      ******************************************
      BOMLEV (  0) IS NOT REACHED. WRNLEV IS  5

          RESI NIC         1.00
*** WARNING **** residue NICH already exists (old one deleted)

      ***** LEVEL  1 WARNING FROM <RTFRDR> *****
      ***** Residue already exists.
      ******************************************
      BOMLEV (  0) IS NOT REACHED. WRNLEV IS  5

          RESI NICH         0.00
*** WARNING **** residue PPI1 already exists (old one deleted)

      ***** LEVEL  1 WARNING FROM <RTFRDR> *****
      ***** Residue already exists.
      ******************************************
      BOMLEV (  0) IS NOT REACHED. WRNLEV IS  5

          RESI PPI1        -3.00
*** WARNING **** residue PPI2 already exists (old one deleted)

      ***** LEVEL  1 WARNING FROM <RTFRDR> *****
      ***** Residue already exists.
      ******************************************
      BOMLEV (  0) IS NOT REACHED. WRNLEV IS  5

          RESI PPI2        -2.00
*** WARNING **** residue AMP  already exists (old one deleted)

      ***** LEVEL  1 WARNING FROM <RTFRDR> *****
      ***** Residue already exists.
      ******************************************
      BOMLEV (  0) IS NOT REACHED. WRNLEV IS  5

          RESI AMP         -2.00
*** WARNING **** residue ADP  already exists (old one deleted)

      ***** LEVEL  1 WARNING FROM <RTFRDR> *****
      ***** Residue already exists.
      ******************************************
      BOMLEV (  0) IS NOT REACHED. WRNLEV IS  5

          RESI ADP         -3.00
*** WARNING **** residue ATP  already exists (old one deleted)

      ***** LEVEL  1 WARNING FROM <RTFRDR> *****
      ***** Residue already exists.
      ******************************************
      BOMLEV (  0) IS NOT REACHED. WRNLEV IS  5

          RESI ATP         -4.00
*** WARNING **** residue 5DP  already exists (old one deleted)

      ***** LEVEL  1 WARNING FROM <RTFRDR> *****
      ***** Residue already exists.
      ******************************************
      BOMLEV (  0) IS NOT REACHED. WRNLEV IS  5

          PRES 5DP         -3.00
*** WARNING **** residue NAD  already exists (old one deleted)

      ***** LEVEL  1 WARNING FROM <RTFRDR> *****
      ***** Residue already exists.
      ******************************************
      BOMLEV (  0) IS NOT REACHED. WRNLEV IS  5

          RESI NAD         -1.00
*** WARNING **** residue NADH already exists (old one deleted)

      ***** LEVEL  1 WARNING FROM <RTFRDR> *****
      ***** Residue already exists.
      ******************************************
      BOMLEV (  0) IS NOT REACHED. WRNLEV IS  5

          RESI NADH        -2.00
*** WARNING **** residue NADP already exists (old one deleted)

      ***** LEVEL  1 WARNING FROM <RTFRDR> *****
      ***** Residue already exists.
      ******************************************
      BOMLEV (  0) IS NOT REACHED. WRNLEV IS  5

          RESI NADP        -2.00
*** WARNING **** residue NDPH already exists (old one deleted)

      ***** LEVEL  1 WARNING FROM <RTFRDR> *****
      ***** Residue already exists.
      ******************************************
      BOMLEV (  0) IS NOT REACHED. WRNLEV IS  5

          RESI NDPH        -3.00
 There were  12 warning(s) from RTFRDR.
  
 CHARMM>     
  
 CHARMM>    read para card flex append

          PARAMETER FILE BEING READ FROM UNIT 98
 RDTITL> * NAD, PPI PARAMETERS
 RDTITL> *
 PARMIO> NONBOND, HBOND lists and IMAGE atoms cleared.
  
 CHARMM>     
  
 CHARMM>     
  
 VCLOSE: Closing unit   98 with status "KEEP"

                    RETURNING TO INPUT STREAM    99
  
 CHARMM>    stream toppar/toppar_all36_na_rna_modified.str
 VOPEN> Attempting to open::toppar/toppar_all36_na_rna_modified.str::
 OPNLGU> Unit 98 opened for READONLY access to toppar/toppar_all36_na_rna_modified.str

                    INPUT STREAM SWITCHING TO UNIT    98
 RDTITL> * ADDITIVE CHARMM FORCE FIELD FOR MODIFIED RIBONUCLEIC ACIDS, INCLUDING
 RDTITL> * THOSE FOUNDS IN TRNA. YOU XU, KAROLINSKA INSTITUTET, 2015.
 RDTITL> * |
 RDTITL> * WARNING: PARAMETERS AND ATOM TYPE ASSIGNMENTS IN THIS FILE ARE SPECIFIC
 RDTITL> * FOR THESE COMPOUNDS AND SHOULD UNDER NO CIRCUMSTANCES BE APPLIED TO
 RDTITL> * OTHER ORGANIC MOLECULES
 RDTITL> *
 Parameter: IN1 <- "" <empty>
  
 CHARMM>     
  
 CHARMM>    ! Xu, Y., Vanommeslaeghe, K., Aleksandrov, A., MacKerell, A.D.,
 CHARMM>    ! Jr. Nilsson, L., “Additive CHARMM force field for naturally
 CHARMM>    ! occurring modified ribonucleotides,” Journal of Computational
 CHARMM>    !  Chemistry, DOI: 10.1002/jcc.24307, 2016
 CHARMM>     
  
 CHARMM>    ! Should be used with parent files CGenFF: top_all36_cgenff.inp and par_all36_cgenff.inp
 CHARMM>    !                                    NA36: top_all36_na.inp and par_all36_na.inp
 CHARMM>    !                              and Carb36: top_all36_carb.inp and par_all36_carb.inp
 CHARMM>    !
 CHARMM>     
  
 CHARMM>    read rtf card append
 MAINIO> Residue topology file being read from unit  98.
 RDTITL> * TOPOLOGIES OF MODIFIED NUCLEOTIDES
 RDTITL> *
*** WARNING **** residue BUG  already exists (old one deleted)

      ***** LEVEL  1 WARNING FROM <RTFRDR> *****
      ***** Residue already exists.
      ******************************************
      BOMLEV (  0) IS NOT REACHED. WRNLEV IS  5

          RESI BUG           -1.00
 There were   1 warning(s) from RTFRDR.
  
 CHARMM>     
  
 CHARMM>    read param card flex append

          PARAMETER FILE BEING READ FROM UNIT 98
 RDTITL> * ADDITIVE CHARMM PARAMETERS FOR MODIFIED NUCLEIC ACIDS, BETA VERSION
 RDTITL> * YOU XU, KAROLINSKA INSTITUTET, 2015.
 RDTITL> *
 PARMIO> NONBOND, HBOND lists and IMAGE atoms cleared.
  
 CHARMM>    RETURN
 VCLOSE: Closing unit   98 with status "KEEP"

                    RETURNING TO INPUT STREAM    99
  
 CHARMM>     
  
 CHARMM>    ! Additional topologies and parameters for lipids
 CHARMM>    stream toppar/toppar_all36_lipid_sphingo.str
 VOPEN> Attempting to open::toppar/toppar_all36_lipid_sphingo.str::
 OPNLGU> Unit 98 opened for READONLY access to toppar/toppar_all36_lipid_sphingo.str

                    INPUT STREAM SWITCHING TO UNIT    98
 RDTITL> * TOPPAR STREAM FOR CERAMIDES AND SPINGOMYELINS; REQUIRES FLEX FORMAT FILES
 RDTITL> * TOP_ALL36_LIPID.RTF AND PAR_ALL36_LIPID.PRM
 RDTITL> *
 Parameter: IN1 <- "" <empty>
  
 CHARMM>     
  
 CHARMM>    ! REFERENCES
 CHARMM>    !
 CHARMM>    ! PSM and SSM Lipids
 CHARMM>    !
 CHARMM>    ! Venable, R. M.; Sodt, A. J.; Rogaski, B.; Rui, H.; Hatcher, E.; MacKerell, A. D.;
 CHARMM>    ! Pastor, R. W.; Klauda, J. B., CHARMM All-Atom Additive Force Field for Sphingomyelin:
 CHARMM>    ! Elucidation of Hydrogen Bonding and of Positive Curvature. Biophys. J. 2014, 107 (1), 134-145
 CHARMM>    !
 CHARMM>    ! Ceramide
 CHARMM>    !
 CHARMM>    ! Submited by Sam Tonddast-Navaei of U. Cincinnati. Advised by Russell Devane
 CHARMM>    ! Tested by Eric Wang of U. Maryland. Advised by Jeffery Klauda
 CHARMM>    !
 CHARMM>    !
 CHARMM>    ! CerAP/Cer6, CerNP/Cer3, and CerEOS/Cer1
 CHARMM>    !
 CHARMM>    ! Wang, E.; Klauda, J. B., Structure and Permeability of Ceramide Bilayers and Multilayers.
 CHARMM>    ! J. Phys. Chem. B., 2019, 123, 11, 2525-2535
 CHARMM>    ! Wang, E.; Klauda, J. B., Molecular Structure of the Long Periodicity Phase in the Stratum Corneum.
 CHARMM>    ! J. Amer. Chem. Soc., 2019. 141, 42, 16930-16943
 CHARMM>     
  
 CHARMM>    set nat ?NATC
 RDCMND substituted energy or value "?NATC" to "585"
 Parameter: NAT <- "585"
  
 CHARMM>    set app
 Parameter: APP <- "" <empty>
  
 CHARMM>    !We're exploiting what is arguably a bug in the parser. On the left hand side,
 CHARMM>    !the quotes have proirity, so NAT is correctly substituted. On the right hand
 CHARMM>    !side, the ? has priority and NATC" (sic) is not a valid substitution...
 CHARMM>    if "@NAT" ne "?NATC" if @nat ne 0 set app append
 Parameter: NAT -> "585"
 Parameter: NAT -> "585"
 RDCMND: can not substitute energy "?NATC""
 Comparing ""585"" and ""?NATC"".
 IF test evaluated as true.  Performing command
 Comparing "585" and "0".
 IF test evaluated as true.  Performing command
 Parameter: APP <- "APPEND"
  
 CHARMM>     
  
 CHARMM>    read rtf card @app
 Parameter: APP -> "APPEND"
 MAINIO> Residue topology file being read from unit  98.
 RDTITL> * CER/SM RESIDUES
 RDTITL> *
  
 CHARMM>     
  
 CHARMM>    read para card flex @app
 Parameter: APP -> "APPEND"

          PARAMETER FILE BEING READ FROM UNIT 98
 RDTITL> * NEW PARAMETERS
 RDTITL> *
 PARRDR> Error: Repeated DIHE parameter ( 14761): NHL   C     CTO1  HAL1 is replaced
 PARRDR> Error: Repeated DIHE parameter ( 14782): O     C     CTO1  HAL1 is replaced
 PARMIO> NONBOND, HBOND lists and IMAGE atoms cleared.
  
 CHARMM>     
  
 CHARMM>    return
 VCLOSE: Closing unit   98 with status "KEEP"

                    RETURNING TO INPUT STREAM    99
  
 CHARMM>    stream toppar/toppar_all36_lipid_archaeal.str
 VOPEN> Attempting to open::toppar/toppar_all36_lipid_archaeal.str::
 OPNLGU> Unit 98 opened for READONLY access to toppar/toppar_all36_lipid_archaeal.str

                    INPUT STREAM SWITCHING TO UNIT    98
 RDTITL> * TOPPAR STREAM FILE FOR ARCHAEAL LIPIDS.
 RDTITL> *
 Parameter: IN1 <- "" <empty>
  
 CHARMM>     
  
 CHARMM>    ! This is an on-going file of archaeal lipids
 CHARMM>    ! I am adding meanquinone-7 now
 CHARMM>     
  
 CHARMM>    read rtf card append
 MAINIO> Residue topology file being read from unit  98.
 RDTITL> * ARCHAEAL LIPIDS
 RDTITL> *
  
 CHARMM>     
  
 CHARMM>    read param card flex append

          PARAMETER FILE BEING READ FROM UNIT 98
 RDTITL> * PARAMETERS GENERATED BY ANALOGY BY CGENFF
 RDTITL> *
 PARMIO> NONBOND, HBOND lists and IMAGE atoms cleared.
  
 CHARMM>     
  
 CHARMM>    RETURN
 VCLOSE: Closing unit   98 with status "KEEP"

                    RETURNING TO INPUT STREAM    99
  
 CHARMM>    stream toppar/toppar_all36_lipid_bacterial.str
 VOPEN> Attempting to open::toppar/toppar_all36_lipid_bacterial.str::
 OPNLGU> Unit 98 opened for READONLY access to toppar/toppar_all36_lipid_bacterial.str

                    INPUT STREAM SWITCHING TO UNIT    98
 RDTITL> * TOPPAR STREAM FILE FOR BRANCHED AND CYCLIC CHAINED LIPIDS.  FOLLOWING READING OF
 RDTITL> * TOP_ALL36_LIPID.RTF
 RDTITL> * AND
 RDTITL> * PAR_ALL36_LIPID.RTF
 RDTITL> *
 Parameter: IN1 <- "" <empty>
  
 CHARMM>     
  
 CHARMM>    ! REFERENCES
 CHARMM>    !
 CHARMM>    ! Branched Lipids
 CHARMM>    !
 CHARMM>    ! Lim, J.B. & Klauda, J.B. Branching at the Iso- and Anteiso- Positions in Complex Chlamydia
 CHARMM>    ! Membranes: A Molecular Dynamics Study. Biochimica et Biophysica Acta (BBA) - Biomembranes
 CHARMM>    ! 1808:323-331 (2011).
 CHARMM>    !
 CHARMM>    ! Cyclic-replacement of double bond
 CHARMM>    !
 CHARMM>    ! Pandit, K.R. & Klauda, J.B. Membrane models of E. coli containing cyclic moieties in
 CHARMM>    ! the aliphatic lipid chain. Biochimica et Biophysica Acta (BBA) - Biomembranes
 CHARMM>    ! 1818:1205-1210 (2012).
 CHARMM>    !
 CHARMM>     
  
 CHARMM>    set nat ?NATC
 RDCMND substituted energy or value "?NATC" to "590"
 Parameter: NAT <- "590"
  
 CHARMM>    set app
 Parameter: APP <- "" <empty>
  
 CHARMM>    !We're exploiting what is arguably a bug in the parser. On the left hand side,
 CHARMM>    !the quotes have proirity, so NAT is correctly substituted. On the right hand
 CHARMM>    !side, the ? has priority and NATC" (sic) is not a valid substitution...
 CHARMM>    if "@NAT" ne "?NATC" if @nat ne 0 set app append
 Parameter: NAT -> "590"
 Parameter: NAT -> "590"
 RDCMND: can not substitute energy "?NATC""
 Comparing ""590"" and ""?NATC"".
 IF test evaluated as true.  Performing command
 Comparing "590" and "0".
 IF test evaluated as true.  Performing command
 Parameter: APP <- "APPEND"
  
 CHARMM>     
  
 CHARMM>    read rtf card @app
 Parameter: APP -> "APPEND"
 MAINIO> Residue topology file being read from unit  98.
 RDTITL> * CHOLESTEROL RESIDUES
 RDTITL> *
  
 CHARMM>     
  
 CHARMM>    read para card flex @app
 Parameter: APP -> "APPEND"

          PARAMETER FILE BEING READ FROM UNIT 98
 RDTITL> * NEW PARAMETERS
 RDTITL> *
 PARMIO> NONBOND, HBOND lists and IMAGE atoms cleared.
  
 CHARMM>     
  
 CHARMM>    return
 VCLOSE: Closing unit   98 with status "KEEP"

                    RETURNING TO INPUT STREAM    99
  
 CHARMM>    stream toppar/toppar_all36_lipid_cardiolipin.str
 VOPEN> Attempting to open::toppar/toppar_all36_lipid_cardiolipin.str::
 OPNLGU> Unit 98 opened for READONLY access to toppar/toppar_all36_lipid_cardiolipin.str

                    INPUT STREAM SWITCHING TO UNIT    98
 RDTITL> READ RTF CARD APPEND FLEX
 RDTITL> No title read.
 Parameter: IN1 <- "" <empty>
  
 CHARMM>    read rtf card append flex
 MAINIO> Residue topology file being read from unit  98.
 RDTITL>  
 RDTITL> No title read.
 WARNING from DECODI -- Zero length string being converted to 0
 RTFRDR> WARNING: Version number is NOT specified.
  
 CHARMM>     
  
 CHARMM>    return
 VCLOSE: Closing unit   98 with status "KEEP"

                    RETURNING TO INPUT STREAM    99
  
 CHARMM>    stream toppar/toppar_all36_lipid_cholesterol.str
 VOPEN> Attempting to open::toppar/toppar_all36_lipid_cholesterol.str::
 OPNLGU> Unit 98 opened for READONLY access to toppar/toppar_all36_lipid_cholesterol.str

                    INPUT STREAM SWITCHING TO UNIT    98
 RDTITL> * TOPPAR STREAM FILE FOR CHOLESTEROL.  STREAM FOLLOWING READING OF
 RDTITL> * TOP_ALL36_LIPID.RTF
 RDTITL> * PAR_ALL36_LIPID.RTF
 RDTITL> * TOP_ALL36_CGENFF.RTF
 RDTITL> * AND PAR_ALL36_CGENFF.PRM
 RDTITL> *
 Parameter: IN1 <- "" <empty>
  
 CHARMM>     
  
 CHARMM>    !topology and parameters are included for two cholesterol models. the
 CHARMM>    !model may be selected by setting variable chol_model to 1 or 2, as
 CHARMM>    !specified below
 CHARMM>    !
 CHARMM>     
  
 CHARMM>    set chol_model 1 !2 for original Suits et al. model
 Parameter: CHOL_MODEL <- "1"
  
 CHARMM>     
  
 CHARMM>    !
 CHARMM>    !1) Revised model of Lim et al.  This contains a number of NBFIXes that
 CHARMM>    !makes it unsuitable for ANTON (set chol_model 1)
 CHARMM>    !
 CHARMM>    !2) Original model of Suits et al., which is used on ANTON as well as
 CHARMM>    !being suitable for other systems (set chol_model 2 (or anything but 1....))
 CHARMM>    !
 CHARMM>    !references
 CHARMM>    !
 CHARMM>    !Lim, J.B., Rogaski, B. and Klauda, J.B.. "Update of the Cholesterol Force Field
 CHARMM>    !Parameters in CHARMM" 116: 203-210 (2012).
 CHARMM>    !
 CHARMM>    !Suits, F., Pitman, M., MacKerell, A.D., Jr., Feller, S.E. "Molecular Level
 CHARMM>    !Organization of Saturated and Polyunsaturated Fatty Acids in a
 CHARMM>    !Phosphatidylcholine Bilayer Containing Cholesterol" Biochemistry,
 CHARMM>    !43(49):15318-28, 2004
 CHARMM>    !
 CHARMM>     
  
 CHARMM>    !test "append"
 CHARMM>    set nat ?NATC
 RDCMND substituted energy or value "?NATC" to "590"
 Parameter: NAT <- "590"
  
 CHARMM>    set app
 Parameter: APP <- "" <empty>
  
 CHARMM>    !We're exploiting what is arguably a bug in the parser. On the left hand side,
 CHARMM>    !the quotes have priority, so NAT is correctly substituted. On the right hand
 CHARMM>    !side, the ? has priority and NATC" (sic) is not a valid substitution...
 CHARMM>    if "@NAT" ne "?NATC" if @nat ne 0 set app append
 Parameter: NAT -> "590"
 Parameter: NAT -> "590"
 RDCMND: can not substitute energy "?NATC""
 Comparing ""590"" and ""?NATC"".
 IF test evaluated as true.  Performing command
 Comparing "590" and "0".
 IF test evaluated as true.  Performing command
 Parameter: APP <- "APPEND"
  
 CHARMM>     
  
 CHARMM>    if chol_model eq 1 then
 Comparing "1" and "1".
 IF test evaluated as true.  Performing command
  
 CHARMM>     
  
 CHARMM>    ! reference
 CHARMM>    ! Lim, J.B., Rogaski, B. and Klauda, J.B.. "Update of the Cholesterol Force Field
 CHARMM>    ! Parameters in CHARMM" 116: 203-210 (2012).
 CHARMM>    !
 CHARMM>     
  
 CHARMM>    read rtf card @app
 Parameter: APP -> "APPEND"
 MAINIO> Residue topology file being read from unit  98.
 RDTITL> * TOPOLOGY FOR CHOLESTEROL
 RDTITL> *
  
 CHARMM>     
  
 CHARMM>    read param card flex @app
 Parameter: APP -> "APPEND"

          PARAMETER FILE BEING READ FROM UNIT 98
 RDTITL> * CHOLESTEROL PARAMETERS
 RDTITL> *
 PARRDR> Error: Repeated DIHE parameter ( 15121): OG31  CG30  CG3C  CG3C is replaced
 PARRDR> Error: Repeated DIHE parameter ( 15122): OG31  CG30  CG3C  CG3R is replaced
 PARRDR> Error: Repeated DIHE parameter ( 15123): OG31  CG30  CG3C  HGA1 is replaced
 PARRDR> Error: Repeated DIHE parameter ( 15121): OG31  CG30  CG3C  CG3C is replaced
 PARRDR> Error: Repeated DIHE parameter ( 15122): OG31  CG30  CG3C  CG3R is replaced
 PARRDR> Error: Repeated DIHE parameter ( 15123): OG31  CG30  CG3C  HGA1 is replaced
 PARMIO> NONBOND, HBOND lists and IMAGE atoms cleared.
  
 CHARMM>     
  
 CHARMM>    return
 VCLOSE: Closing unit   98 with status "KEEP"

                    RETURNING TO INPUT STREAM    99
  
 CHARMM>    stream toppar/toppar_all36_lipid_dag.str
 VOPEN> Attempting to open::toppar/toppar_all36_lipid_dag.str::
 OPNLGU> Unit 98 opened for READONLY access to toppar/toppar_all36_lipid_dag.str

                    INPUT STREAM SWITCHING TO UNIT    98
 RDTITL> READ RTF CARD APPEND
 RDTITL> No title read.
 Parameter: IN1 <- "" <empty>
  
 CHARMM>    read rtf card append
 MAINIO> Residue topology file being read from unit  98.
 RDTITL> * TOPOLOGY FOR LIPIDA FROM DAG
 RDTITL> *
  
 VCLOSE: Closing unit   98 with status "KEEP"

                    RETURNING TO INPUT STREAM    99
  
 CHARMM>    stream toppar/toppar_all36_lipid_inositol.str
 VOPEN> Attempting to open::toppar/toppar_all36_lipid_inositol.str::
 OPNLGU> Unit 98 opened for READONLY access to toppar/toppar_all36_lipid_inositol.str

                    INPUT STREAM SWITCHING TO UNIT    98
 RDTITL> READ RTF CARD APPEND
 RDTITL> No title read.
 Parameter: IN1 <- "" <empty>
  
 CHARMM>    read rtf card append
 MAINIO> Residue topology file being read from unit  98.
 RDTITL> * TOPOLOGY FOR INOSITOL-BASED LIPIDS
 RDTITL> *
  
 CHARMM>     
  
 CHARMM>    RETURN
 VCLOSE: Closing unit   98 with status "KEEP"

                    RETURNING TO INPUT STREAM    99
  
 CHARMM>    stream toppar/toppar_all36_lipid_lnp.str
 VOPEN> Attempting to open::toppar/toppar_all36_lipid_lnp.str::
 OPNLGU> Unit 98 opened for READONLY access to toppar/toppar_all36_lipid_lnp.str

                    INPUT STREAM SWITCHING TO UNIT    98
 RDTITL> READ RTF CARD APPEND
 RDTITL> No title read.
 Parameter: IN1 <- "" <empty>
  
 CHARMM>    read rtf card append
 MAINIO> Residue topology file being read from unit  98.
 RDTITL> * LNP
 RDTITL> *

      ***** LEVEL  1 WARNING FROM <DECODF> *****
      ***** Zero length string
      ******************************************
      BOMLEV (  0) IS NOT REACHED. WRNLEV IS  5

 WARNING from DECODF -- Zero length string being converted to 0.
 **** WARNING from RTFRDR **** The total charge of the residue, DAGP,  -0.0100000,
 does not equal the expected charge,   0.0000000.

      ***** LEVEL  1 WARNING FROM <DECODF> *****
      ***** Zero length string
      ******************************************
      BOMLEV (  0) IS NOT REACHED. WRNLEV IS  5

 WARNING from DECODF -- Zero length string being converted to 0.
          PRES DPEPEG
 **** WARNING from RTFRDR **** The total charge of the residue, DPEP,  -0.0100000,
 does not equal the expected charge,   0.0000000.
 There were   2 warning(s) from RTFRDR.
  
 CHARMM>     
  
 CHARMM>    read param card flex append

          PARAMETER FILE BEING READ FROM UNIT 98
 RDTITL> * LNP
 RDTITL> *
 PARMIO> NONBOND, HBOND lists and IMAGE atoms cleared.
  
 CHARMM>     
  
 CHARMM>    RETURN
 VCLOSE: Closing unit   98 with status "KEEP"

                    RETURNING TO INPUT STREAM    99
  
 CHARMM>    stream toppar/toppar_all36_lipid_lps.str
 VOPEN> Attempting to open::toppar/toppar_all36_lipid_lps.str::
 OPNLGU> Unit 98 opened for READONLY access to toppar/toppar_all36_lipid_lps.str

                    INPUT STREAM SWITCHING TO UNIT    98
 RDTITL> READ RTF CARD APPEND
 RDTITL> No title read.
 Parameter: IN1 <- "" <empty>
  
 CHARMM>    read rtf card append
 MAINIO> Residue topology file being read from unit  98.
 RDTITL> * TOPOLOGY FOR LIPIDA FROM LPS
 RDTITL> *
 WARNING from DECODI -- Zero length string being converted to 0
 RTFRDR> WARNING: Version number is NOT specified.
  
 CHARMM>     
  
 CHARMM>     
  
 CHARMM>    read param card append flex

          PARAMETER FILE BEING READ FROM UNIT 98
 RDTITL> *    NEW PARAMETES
 RDTITL> *
 PARMIO> NONBOND, HBOND lists and IMAGE atoms cleared.
  
 CHARMM>     
  
 VCLOSE: Closing unit   98 with status "KEEP"

                    RETURNING TO INPUT STREAM    99
  
 CHARMM>    stream toppar/toppar_all36_lipid_mycobacterial.str
 VOPEN> Attempting to open::toppar/toppar_all36_lipid_mycobacterial.str::
 OPNLGU> Unit 98 opened for READONLY access to toppar/toppar_all36_lipid_mycobacterial.str

                    INPUT STREAM SWITCHING TO UNIT    98
 RDTITL> * TOPPAR STREAM FILE FOR BRANCHED AND CYCLIC CHAINED LIPIDS.  FOLLOWING READING OF
 RDTITL> * TOP_ALL36_LIPID.RTF, PAR_ALL36_LIPID.PRM
 RDTITL> * AND
 RDTITL> * TOPPAR_ALL36_LIPID_BACTERIAL.STR
 RDTITL> *
 Parameter: IN1 <- "" <empty>
  
 CHARMM>     
  
 CHARMM>    read rtf card append
 MAINIO> Residue topology file being read from unit  98.
 RDTITL> * CHOLESTEROL RESIDUES
 RDTITL> *
  
 CHARMM>     
  
 CHARMM>    read para card flex @app
 Parameter: APP -> "APPEND"

          PARAMETER FILE BEING READ FROM UNIT 98
 RDTITL> * NEW PARAMETERS
 RDTITL> *
 PARRDR> Error: Repeated ANGLE parameter (  5024): CEL1  CEL1  CTL1 is replaced
 PARRDR> Error: Repeated DIHE parameter ( 15368): CTL2  CG2O  CTL1  CTL3 is replaced
 PARRDR> Error: Repeated DIHE parameter ( 15369): CTL2  CG2O  CTL1  CTL3 is replaced
 PARRDR> Error: Repeated DIHE parameter ( 15368): CTL2  CG2O  CTL1  CTL3 is replaced
 PARRDR> Error: Repeated DIHE parameter ( 15369): CTL2  CG2O  CTL1  CTL3 is replaced
 PARMIO> NONBOND, HBOND lists and IMAGE atoms cleared.
  
 CHARMM>     
  
 CHARMM>    RETURN
 VCLOSE: Closing unit   98 with status "KEEP"

                    RETURNING TO INPUT STREAM    99
  
 CHARMM>    stream toppar/toppar_all36_lipid_miscellaneous.str
 VOPEN> Attempting to open::toppar/toppar_all36_lipid_miscellaneous.str::
 OPNLGU> Unit 98 opened for READONLY access to toppar/toppar_all36_lipid_miscellaneous.str

                    INPUT STREAM SWITCHING TO UNIT    98
 RDTITL> READ RTF CARD APPEND FLEX
 RDTITL> No title read.
 Parameter: IN1 <- "" <empty>
  
 CHARMM>    read rtf card append flex
 MAINIO> Residue topology file being read from unit  98.
 RDTITL> * TOPOLOGY FOR MISCELLANEOUS LIPIDS
 RDTITL> *
  
 CHARMM>     
  
 CHARMM>    read param card flex append

          PARAMETER FILE BEING READ FROM UNIT 98
 RDTITL> * PARAMETER FOR ACYL PYROPHOSPHATE: ADDED 2019_7
 RDTITL> *
 PARMIO> NONBOND, HBOND lists and IMAGE atoms cleared.
  
 CHARMM>     
  
 CHARMM>    return
 VCLOSE: Closing unit   98 with status "KEEP"

                    RETURNING TO INPUT STREAM    99
  
 CHARMM>    stream toppar/toppar_all36_lipid_model.str
 VOPEN> Attempting to open::toppar/toppar_all36_lipid_model.str::
 OPNLGU> Unit 98 opened for READONLY access to toppar/toppar_all36_lipid_model.str

                    INPUT STREAM SWITCHING TO UNIT    98
 RDTITL> * CHARMM36 ALL-HYDROGEN LIPID FORCE FIELD TOPPAR STREAM FILE
 RDTITL> * COLLECTION OF RESIDUES AND PATCHES FOR MODEL COMPOUNDS USED
 RDTITL> * IN THE OPTIMIZATION THE LIPID FORCE FIELD.
 RDTITL> *
 Parameter: IN1 <- "" <empty>
  
 CHARMM>     
  
 CHARMM>    !Parent files that have to be read prior to streaming this file
 CHARMM>    !top_all36_lipid.rtf
 CHARMM>    !par_all36_lipid.prm
 CHARMM>     
  
 CHARMM>    !Testcase
 CHARMM>    !test_all36_lipid_model.inp
 CHARMM>     
  
 CHARMM>    read rtf card append
 MAINIO> Residue topology file being read from unit  98.
 RDTITL> * C36 LIPID MODEL COMPOUNDS
 RDTITL> *
*** WARNING **** residue MAS  already exists (old one deleted)

      ***** LEVEL  1 WARNING FROM <RTFRDR> *****
      ***** Residue already exists.
      ******************************************
      BOMLEV (  0) IS NOT REACHED. WRNLEV IS  5

          RESI MAS          0.00
*** WARNING **** residue ETAC already exists (old one deleted)

      ***** LEVEL  1 WARNING FROM <RTFRDR> *****
      ***** Residue already exists.
      ******************************************
      BOMLEV (  0) IS NOT REACHED. WRNLEV IS  5

          RESI ETAC         0.00
*** WARNING **** residue MPRO already exists (old one deleted)

      ***** LEVEL  1 WARNING FROM <RTFRDR> *****
      ***** Residue already exists.
      ******************************************
      BOMLEV (  0) IS NOT REACHED. WRNLEV IS  5

          RESI MPRO         0.00
*** WARNING **** residue MP_1 already exists (old one deleted)

      ***** LEVEL  1 WARNING FROM <RTFRDR> *****
      ***** Residue already exists.
      ******************************************
      BOMLEV (  0) IS NOT REACHED. WRNLEV IS  5

          RESI MP_1        -1.00
*** WARNING **** residue MP_2 already exists (old one deleted)

      ***** LEVEL  1 WARNING FROM <RTFRDR> *****
      ***** Residue already exists.
      ******************************************
      BOMLEV (  0) IS NOT REACHED. WRNLEV IS  5

          RESI MP_2        -2.00
*** WARNING **** residue MSO4 already exists (old one deleted)

      ***** LEVEL  1 WARNING FROM <RTFRDR> *****
      ***** Residue already exists.
      ******************************************
      BOMLEV (  0) IS NOT REACHED. WRNLEV IS  5

          RESI MSO4        -1.00
*** WARNING **** residue BUTA already exists (old one deleted)

      ***** LEVEL  1 WARNING FROM <RTFRDR> *****
      ***** Residue already exists.
      ******************************************
      BOMLEV (  0) IS NOT REACHED. WRNLEV IS  5

          RESI BUTA         0.00
*** WARNING **** residue PENT already exists (old one deleted)

      ***** LEVEL  1 WARNING FROM <RTFRDR> *****
      ***** Residue already exists.
      ******************************************
      BOMLEV (  0) IS NOT REACHED. WRNLEV IS  5

          RESI PENT         0.00
*** WARNING **** residue HEXA already exists (old one deleted)

      ***** LEVEL  1 WARNING FROM <RTFRDR> *****
      ***** Residue already exists.
      ******************************************
      BOMLEV (  0) IS NOT REACHED. WRNLEV IS  5

          RESI HEXA         0.00
*** WARNING **** residue ETHE already exists (old one deleted)

      ***** LEVEL  1 WARNING FROM <RTFRDR> *****
      ***** Residue already exists.
      ******************************************
      BOMLEV (  0) IS NOT REACHED. WRNLEV IS  5

          RESI ETHE       0.00
*** WARNING **** residue PRPE already exists (old one deleted)

      ***** LEVEL  1 WARNING FROM <RTFRDR> *****
      ***** Residue already exists.
      ******************************************
      BOMLEV (  0) IS NOT REACHED. WRNLEV IS  5

          RESI PRPE       0.00
*** WARNING **** residue BTE1 already exists (old one deleted)

      ***** LEVEL  1 WARNING FROM <RTFRDR> *****
      ***** Residue already exists.
      ******************************************
      BOMLEV (  0) IS NOT REACHED. WRNLEV IS  5

          RESI BTE1       0.00
*** WARNING **** residue BTE2 already exists (old one deleted)

      ***** LEVEL  1 WARNING FROM <RTFRDR> *****
      ***** Residue already exists.
      ******************************************
      BOMLEV (  0) IS NOT REACHED. WRNLEV IS  5

          RESI BTE2       0.00
*** WARNING **** residue DIPE already exists (old one deleted)

      ***** LEVEL  1 WARNING FROM <RTFRDR> *****
      ***** Residue already exists.
      ******************************************
      BOMLEV (  0) IS NOT REACHED. WRNLEV IS  5

          RESI DIPE       0.00
*** WARNING **** residue DIHE already exists (old one deleted)

      ***** LEVEL  1 WARNING FROM <RTFRDR> *****
      ***** Residue already exists.
      ******************************************
      BOMLEV (  0) IS NOT REACHED. WRNLEV IS  5

          RESI DIHE       0.00
*** WARNING **** residue NC4  already exists (old one deleted)

      ***** LEVEL  1 WARNING FROM <RTFRDR> *****
      ***** Residue already exists.
      ******************************************
      BOMLEV (  0) IS NOT REACHED. WRNLEV IS  5

          RESI NC4          1.00
*** WARNING **** residue NC5  already exists (old one deleted)

      ***** LEVEL  1 WARNING FROM <RTFRDR> *****
      ***** Residue already exists.
      ******************************************
      BOMLEV (  0) IS NOT REACHED. WRNLEV IS  5

          RESI NC5          1.00
*** WARNING **** residue CHOL already exists (old one deleted)

      ***** LEVEL  1 WARNING FROM <RTFRDR> *****
      ***** Residue already exists.
      ******************************************
      BOMLEV (  0) IS NOT REACHED. WRNLEV IS  5

          RESI CHOL         1.00
*** WARNING **** residue ACHO already exists (old one deleted)

      ***** LEVEL  1 WARNING FROM <RTFRDR> *****
      ***** Residue already exists.
      ******************************************
      BOMLEV (  0) IS NOT REACHED. WRNLEV IS  5

          RESI ACHO         1.00
*** WARNING **** residue PC   already exists (old one deleted)

      ***** LEVEL  1 WARNING FROM <RTFRDR> *****
      ***** Residue already exists.
      ******************************************
      BOMLEV (  0) IS NOT REACHED. WRNLEV IS  5

          RESI PC           0.00
*** WARNING **** residue GPC  already exists (old one deleted)

      ***** LEVEL  1 WARNING FROM <RTFRDR> *****
      ***** Residue already exists.
      ******************************************
      BOMLEV (  0) IS NOT REACHED. WRNLEV IS  5

          RESI GPC          0.00
*** WARNING **** residue TEA  already exists (old one deleted)

      ***** LEVEL  1 WARNING FROM <RTFRDR> *****
      ***** Residue already exists.
      ******************************************
      BOMLEV (  0) IS NOT REACHED. WRNLEV IS  5

          RESI TEA          1.00
*** WARNING **** residue ETAM already exists (old one deleted)

      ***** LEVEL  1 WARNING FROM <RTFRDR> *****
      ***** Residue already exists.
      ******************************************
      BOMLEV (  0) IS NOT REACHED. WRNLEV IS  5

          RESI ETAM       1.00
*** WARNING **** residue GLYC already exists (old one deleted)

      ***** LEVEL  1 WARNING FROM <RTFRDR> *****
      ***** Residue already exists.
      ******************************************
      BOMLEV (  0) IS NOT REACHED. WRNLEV IS  5

          RESI GLYC         0.00
*** WARNING **** residue MBUT already exists (old one deleted)

      ***** LEVEL  1 WARNING FROM <RTFRDR> *****
      ***** Residue already exists.
      ******************************************
      BOMLEV (  0) IS NOT REACHED. WRNLEV IS  5

          RESI MBUT         0.00
 There were  25 warning(s) from RTFRDR.
  
 CHARMM>     
  
 CHARMM>    return
 VCLOSE: Closing unit   98 with status "KEEP"

                    RETURNING TO INPUT STREAM    99
  
 CHARMM>    stream toppar/toppar_all36_lipid_prot.str
 VOPEN> Attempting to open::toppar/toppar_all36_lipid_prot.str::
 OPNLGU> Unit 98 opened for READONLY access to toppar/toppar_all36_lipid_prot.str

                    INPUT STREAM SWITCHING TO UNIT    98
 RDTITL> * TOPOLOGY AND PARAMETERS FOR LIPID TAIL LINKERS TO CYSTEINE AND GLYCINE,
 RDTITL> * FOR EXAMPLE, PALMITOYLATION, MARISTOYLATION, FERNASYLATION, GERANYLATION
 RDTITL> *
 Parameter: IN1 <- "" <empty>
  
 CHARMM>     
  
 CHARMM>    read rtf card append
 MAINIO> Residue topology file being read from unit  98.
 RDTITL> * LIPID-MODIFIED PROTEIN RESIDUES
 RDTITL> *
  
 CHARMM>     
  
 CHARMM>    read para card append flex

          PARAMETER FILE BEING READ FROM UNIT 98
 RDTITL> * CYSTEIN-PALMITATE PARAMETERS
 RDTITL> *
 PARMIO> NONBOND, HBOND lists and IMAGE atoms cleared.
  
 CHARMM>     
  
 CHARMM>    return
 VCLOSE: Closing unit   98 with status "KEEP"

                    RETURNING TO INPUT STREAM    99
  
 CHARMM>    stream toppar/toppar_all36_lipid_tag.str
 VOPEN> Attempting to open::toppar/toppar_all36_lipid_tag.str::
 OPNLGU> Unit 98 opened for READONLY access to toppar/toppar_all36_lipid_tag.str

                    INPUT STREAM SWITCHING TO UNIT    98
 RDTITL> READ RTF CARD APPEND
 RDTITL> No title read.
 Parameter: IN1 <- "" <empty>
  
 CHARMM>    read rtf card append
 MAINIO> Residue topology file being read from unit  98.
 RDTITL> * TOPOLOGY FOR TRIACYLGLYCEROLS [STEPHEN GEE FROM LEHIGH UNIVERSITY]
 RDTITL> *
  
 VCLOSE: Closing unit   98 with status "KEEP"

                    RETURNING TO INPUT STREAM    99
  
 CHARMM>    stream toppar/toppar_all36_lipid_yeast.str
 VOPEN> Attempting to open::toppar/toppar_all36_lipid_yeast.str::
 OPNLGU> Unit 98 opened for READONLY access to toppar/toppar_all36_lipid_yeast.str

                    INPUT STREAM SWITCHING TO UNIT    98
 RDTITL> * TOPPAR STREAM FILE FOR BRANCHED AND CYCLIC CHAINED LIPIDS.  FOLLOWING READING OF
 RDTITL> * TOP_ALL36_LIPID.RTF
 RDTITL> * AND
 RDTITL> * PAR_ALL36_LIPID.RTF
 RDTITL> *
 Parameter: IN1 <- "" <empty>
  
 CHARMM>     
  
 CHARMM>    set nat ?NATC
 RDCMND substituted energy or value "?NATC" to "590"
 Parameter: NAT <- "590"
  
 CHARMM>    set app
 Parameter: APP <- "" <empty>
  
 CHARMM>    !We're exploiting what is arguably a bug in the parser. On the left hand side,
 CHARMM>    !the quotes have proirity, so NAT is correctly substituted. On the right hand
 CHARMM>    !side, the ? has priority and NATC" (sic) is not a valid substitution...
 CHARMM>    if "@NAT" ne "?NATC" if @nat ne 0 set app append
 Parameter: NAT -> "590"
 Parameter: NAT -> "590"
 RDCMND: can not substitute energy "?NATC""
 Comparing ""590"" and ""?NATC"".
 IF test evaluated as true.  Performing command
 Comparing "590" and "0".
 IF test evaluated as true.  Performing command
 Parameter: APP <- "APPEND"
  
 CHARMM>     
  
 CHARMM>    read rtf card @app
 Parameter: APP -> "APPEND"
 MAINIO> Residue topology file being read from unit  98.
 RDTITL> * CHOLESTEROL RESIDUES
 RDTITL> *
  
 CHARMM>     
  
 CHARMM>    read para card flex @app
 Parameter: APP -> "APPEND"

          PARAMETER FILE BEING READ FROM UNIT 98
 RDTITL> * NEW PARAMETERS
 RDTITL> *
 PARMIO> NONBOND, HBOND lists and IMAGE atoms cleared.
  
 CHARMM>     
  
 CHARMM>    return
 VCLOSE: Closing unit   98 with status "KEEP"

                    RETURNING TO INPUT STREAM    99
  
 CHARMM>    stream toppar/toppar_all36_lipid_hmmm.str
 VOPEN> Attempting to open::toppar/toppar_all36_lipid_hmmm.str::
 OPNLGU> Unit 98 opened for READONLY access to toppar/toppar_all36_lipid_hmmm.str

                    INPUT STREAM SWITCHING TO UNIT    98
 RDTITL> READ RTF CARD APPEND FLEX
 RDTITL> No title read.
 Parameter: IN1 <- "" <empty>
  
 CHARMM>    read rtf card append flex
 MAINIO> Residue topology file being read from unit  98.
 RDTITL> * TOPOLOGY FOR TERMINAL PATCHES FOR HMMM TRUNCATED LIPIDS
 RDTITL> *

      ***** LEVEL  1 WARNING FROM <DECODF> *****
      ***** Zero length string
      ******************************************
      BOMLEV (  0) IS NOT REACHED. WRNLEV IS  5

 WARNING from DECODF -- Zero length string being converted to 0.

      ***** LEVEL  1 WARNING FROM <DECODF> *****
      ***** Zero length string
      ******************************************
      BOMLEV (  0) IS NOT REACHED. WRNLEV IS  5

 WARNING from DECODF -- Zero length string being converted to 0.

      ***** LEVEL  1 WARNING FROM <DECODF> *****
      ***** Zero length string
      ******************************************
      BOMLEV (  0) IS NOT REACHED. WRNLEV IS  5

 WARNING from DECODF -- Zero length string being converted to 0.

      ***** LEVEL  1 WARNING FROM <DECODF> *****
      ***** Zero length string
      ******************************************
      BOMLEV (  0) IS NOT REACHED. WRNLEV IS  5

 WARNING from DECODF -- Zero length string being converted to 0.

      ***** LEVEL  1 WARNING FROM <DECODF> *****
      ***** Zero length string
      ******************************************
      BOMLEV (  0) IS NOT REACHED. WRNLEV IS  5

 WARNING from DECODF -- Zero length string being converted to 0.

      ***** LEVEL  1 WARNING FROM <DECODF> *****
      ***** Zero length string
      ******************************************
      BOMLEV (  0) IS NOT REACHED. WRNLEV IS  5

 WARNING from DECODF -- Zero length string being converted to 0.

      ***** LEVEL  1 WARNING FROM <DECODF> *****
      ***** Zero length string
      ******************************************
      BOMLEV (  0) IS NOT REACHED. WRNLEV IS  5

 WARNING from DECODF -- Zero length string being converted to 0.

      ***** LEVEL  1 WARNING FROM <DECODF> *****
      ***** Zero length string
      ******************************************
      BOMLEV (  0) IS NOT REACHED. WRNLEV IS  5

 WARNING from DECODF -- Zero length string being converted to 0.
  
 CHARMM>     
  
 CHARMM>    read para card flex @app
 Parameter: APP -> "APPEND"

          PARAMETER FILE BEING READ FROM UNIT 98
 RDTITL> * NEW PARAMETERS
 RDTITL> *
 PARMIO> NONBOND, HBOND lists and IMAGE atoms cleared.
  
 CHARMM>     
  
 CHARMM>    return
 VCLOSE: Closing unit   98 with status "KEEP"

                    RETURNING TO INPUT STREAM    99
  
 CHARMM>    stream toppar/toppar_all36_lipid_detergent.str
 VOPEN> Attempting to open::toppar/toppar_all36_lipid_detergent.str::
 OPNLGU> Unit 98 opened for READONLY access to toppar/toppar_all36_lipid_detergent.str

                    INPUT STREAM SWITCHING TO UNIT    98
 RDTITL> * TOPPAR STREAM FILE FOR DETERGENTS AND FATTY ACIDS.
 RDTITL> * STREAM FOLLOWING READING OF
 RDTITL> * TOP_ALL36_LIPID.RTF
 RDTITL> * AND
 RDTITL> * PAR_ALL36_LIPID.RTF
 RDTITL> *
 Parameter: IN1 <- "" <empty>
  
 CHARMM>     
  
 CHARMM>    !Additional residues added by Im lab, Aug. 2017
 CHARMM>     
  
 CHARMM>    !Fatty acids added Jan. 2016
 CHARMM>     
  
 CHARMM>    read rtf card append
 MAINIO> Residue topology file being read from unit  98.
 RDTITL> * DETERGENT AND FATTY ACID RESIDUES
 RDTITL> *
  
 CHARMM>     
  
 CHARMM>    read para card append flex

          PARAMETER FILE BEING READ FROM UNIT 98
 RDTITL> * SB3-12 AND SB3-14 PARAMETERS
 RDTITL> *
 PARMIO> NONBOND, HBOND lists and IMAGE atoms cleared.
  
 CHARMM>     
  
 CHARMM>    return
 VCLOSE: Closing unit   98 with status "KEEP"

                    RETURNING TO INPUT STREAM    99
  
 CHARMM>    stream toppar/toppar_all36_lipid_ether.str
 VOPEN> Attempting to open::toppar/toppar_all36_lipid_ether.str::
 OPNLGU> Unit 98 opened for READONLY access to toppar/toppar_all36_lipid_ether.str

                    INPUT STREAM SWITCHING TO UNIT    98
 RDTITL> * CHARMM36 ALL-HYDROGEN ETHER LIPID FORCE FIELD INCLUDING PLASMALOGENS ALISON
 RDTITL> * N. LEONARD (A. L.), 7/18 WITH RICHARD PASTOR AND JEFFERY KLAUDA, JPCB 122(26)
 RDTITL> * PP. 6744 - 6754.  ANA WEST, 1/20 WITH VALERIA ZONI, WALTER TEAGUE JR., ALISON
 RDTITL> * LEONARD, STEFANO VANNI, KLAUS GAWRISCH, STEPHANIE TRISTAM-NAGLE, JONATHAN
 RDTITL> * SACHS, AND JEFFERY KLAUDA, JPCB 124(5) PP. 828 - 839.
 RDTITL> *
 Parameter: IN1 <- "" <empty>
  
 CHARMM>     
  
 CHARMM>    !Parent files that have to be read prior to streaming this file
 CHARMM>    !top_all36_lipid.rtf
 CHARMM>    !par_all36_lipid.prm
 CHARMM>    !top_all36_cgenff.rtf
 CHARMM>    !par_all36_cgenff.prm
 CHARMM>     
  
 CHARMM>    read rtf card append
 MAINIO> Residue topology file being read from unit  98.
 RDTITL> * C36 ETHER MODEL COMPOUNDS
 RDTITL> *

      ***** LEVEL  1 WARNING FROM <DECODF> *****
      ***** Zero length string
      ******************************************
      BOMLEV (  0) IS NOT REACHED. WRNLEV IS  5

 WARNING from DECODF -- Zero length string being converted to 0.

      ***** LEVEL  1 WARNING FROM <DECODF> *****
      ***** Zero length string
      ******************************************
      BOMLEV (  0) IS NOT REACHED. WRNLEV IS  5

 WARNING from DECODF -- Zero length string being converted to 0.

      ***** LEVEL  1 WARNING FROM <DECODF> *****
      ***** Zero length string
      ******************************************
      BOMLEV (  0) IS NOT REACHED. WRNLEV IS  5

 WARNING from DECODF -- Zero length string being converted to 0.
  
 CHARMM>     
  
 CHARMM>    read para card flex append

          PARAMETER FILE BEING READ FROM UNIT 98
 RDTITL> * PARAMETERS
 RDTITL> *
 PARMIO> NONBOND, HBOND lists and IMAGE atoms cleared.
  
 CHARMM>     
  
 CHARMM>    return
 VCLOSE: Closing unit   98 with status "KEEP"

                    RETURNING TO INPUT STREAM    99
  
 CHARMM>    stream toppar/toppar_all36_lipid_oxidized.str
 VOPEN> Attempting to open::toppar/toppar_all36_lipid_oxidized.str::
 OPNLGU> Unit 98 opened for READONLY access to toppar/toppar_all36_lipid_oxidized.str

                    INPUT STREAM SWITCHING TO UNIT    98
 RDTITL> READ RTF CARD APPEND
 RDTITL> No title read.
 Parameter: IN1 <- "" <empty>
  
 CHARMM>    read rtf card append
 MAINIO> Residue topology file being read from unit  98.
 RDTITL> * TOPOLOGY FOR OXIDIZED PHOSPHOLIPID
 RDTITL> *

      ***** LEVEL  1 WARNING FROM <rtfrdr> *****
      ***** No AUTOgen defaults specified in appended RTF. Potential conflict with prior RTF autogen options. Check.
      ******************************************
      BOMLEV (  0) IS NOT REACHED. WRNLEV IS  5

  
 CHARMM>     
  
 CHARMM>    read param card flex append

          PARAMETER FILE BEING READ FROM UNIT 98
 RDTITL> * ADDITIONAL PARAMETERS FOR OXIDIZED PHOSPHOLIPIDS
 RDTITL> *
 PARMIO> NONBOND, HBOND lists and IMAGE atoms cleared.
  
 CHARMM>     
  
 CHARMM>    RETURN
 VCLOSE: Closing unit   98 with status "KEEP"

                    RETURNING TO INPUT STREAM    99
  
 CHARMM>     
  
 CHARMM>    ! Additional topologies and parameters for carbohydrates
 CHARMM>    stream toppar/toppar_all36_carb_glycolipid.str
 VOPEN> Attempting to open::toppar/toppar_all36_carb_glycolipid.str::
 OPNLGU> Unit 98 opened for READONLY access to toppar/toppar_all36_carb_glycolipid.str

                    INPUT STREAM SWITCHING TO UNIT    98
 RDTITL> READ RTF CARD APPEND
 RDTITL> No title read.
 Parameter: IN1 <- "" <empty>
  
 CHARMM>    read rtf card append
 MAINIO> Residue topology file being read from unit  98.
 RDTITL> * TOPOLOGY FOR GLYCOLIPIDS
 RDTITL> *
  
 CHARMM>     
  
 CHARMM>    read param card flex append

          PARAMETER FILE BEING READ FROM UNIT 98
 RDTITL> * PIP RELATED PARAMETERS
 RDTITL> *
 PARMIO> NONBOND, HBOND lists and IMAGE atoms cleared.
  
 CHARMM>     
  
 CHARMM>    RETURN
 VCLOSE: Closing unit   98 with status "KEEP"

                    RETURNING TO INPUT STREAM    99
  
 CHARMM>    stream toppar/toppar_all36_carb_glycopeptide.str
 VOPEN> Attempting to open::toppar/toppar_all36_carb_glycopeptide.str::
 OPNLGU> Unit 98 opened for READONLY access to toppar/toppar_all36_carb_glycopeptide.str

                    INPUT STREAM SWITCHING TO UNIT    98
 RDTITL> READ RTF CARD APPEND
 RDTITL> No title read.
 Parameter: IN1 <- "" <empty>
  
 CHARMM>    read rtf card append
 MAINIO> Residue topology file being read from unit  98.
 RDTITL> * TOPOLOGY FOR GLYCOPEPTIDE LINKAGES
 RDTITL> *
  
 CHARMM>     
  
 CHARMM>    read param card flex append

          PARAMETER FILE BEING READ FROM UNIT 98
 RDTITL> *    NEW PARAMETES
 RDTITL> *
 PARMIO> NONBOND, HBOND lists and IMAGE atoms cleared.
  
 CHARMM>     
  
 CHARMM>     
  
 CHARMM>    RETURN
 VCLOSE: Closing unit   98 with status "KEEP"

                    RETURNING TO INPUT STREAM    99
  
 CHARMM>    stream toppar/toppar_all36_carb_imlab.str
 VOPEN> Attempting to open::toppar/toppar_all36_carb_imlab.str::
 OPNLGU> Unit 98 opened for READONLY access to toppar/toppar_all36_carb_imlab.str

                    INPUT STREAM SWITCHING TO UNIT    98
 RDTITL> READ RTF CARD APPEND
 RDTITL> No title read.
 Parameter: IN1 <- "" <empty>
  
 CHARMM>    read rtf card append
 MAINIO> Residue topology file being read from unit  98.
 RDTITL> * GLYCAN CHEMICAL MODIFICATION PATCHES
 RDTITL> *
  
 CHARMM>     
  
 CHARMM>    read param card flex append

          PARAMETER FILE BEING READ FROM UNIT 98
 RDTITL> * GLYCAN CHEMICAL MODIFICATION PATCHES
 RDTITL> *
 PARMIO> NONBOND, HBOND lists and IMAGE atoms cleared.
  
 CHARMM>     
  
 CHARMM>    RETURN
 VCLOSE: Closing unit   98 with status "KEEP"

                    RETURNING TO INPUT STREAM    99
  
 CHARMM>     
  
 CHARMM>    ! Additional topologies and parameters for spin/fluorophore labels
 CHARMM>    stream toppar/toppar_all36_label_spin.str
 VOPEN> Attempting to open::toppar/toppar_all36_label_spin.str::
 OPNLGU> Unit 98 opened for READONLY access to toppar/toppar_all36_label_spin.str

                    INPUT STREAM SWITCHING TO UNIT    98
 RDTITL> *>>>>> TOPOLOGY FOR NITROXYDE SPIN LABELS <<<<<<<
 RDTITL> * SHAHIDUL M. ISLAM, UNIVERSITY OF CHICAGO
 RDTITL> *
 Parameter: IN1 <- "" <empty>
  
 CHARMM>     
  
 CHARMM>    ! please reference the following:
 CHARMM>    !Sezer, D., Freed J. H., and Roux, B. “Parametrization, Molecular Dynamics Simulation, and Calculation of Electron Spin
 CHARMM>    !Resonance Spectra of a Nitroxide Spin Label on a Polyalanine alpha-Helix” J. Phys. Chem. B 2008, 112, 5755-5767
 CHARMM>     
  
 CHARMM>    !Islam, S. M., and Roux, B. “Parameterization and molecular dynamics simulations of a
 CHARMM>    !conformationally constrained double linked spin label constrained by EPR/DEER data”
 CHARMM>    !(planed submission to J journal)
 CHARMM>     
  
 CHARMM>    !test "append" to determine if previous toppar files have been read and
 CHARMM>    !add append to "read rtf card" if true
 CHARMM>    set nat ?NATC
 RDCMND substituted energy or value "?NATC" to "590"
 Parameter: NAT <- "590"
  
 CHARMM>    set app
 Parameter: APP <- "" <empty>
  
 CHARMM>    !We're exploiting what is arguably a bug in the parser. On the left hand side,
 CHARMM>    !the quotes have proirity, so NAT is correctly substituted. On the right hand
 CHARMM>    !side, the ? has priority and NATC" (sic) is not a valid substitution...
 CHARMM>    if "@NAT" ne "?NATC" if @nat ne 0 set app append
 Parameter: NAT -> "590"
 Parameter: NAT -> "590"
 RDCMND: can not substitute energy "?NATC""
 Comparing ""590"" and ""?NATC"".
 IF test evaluated as true.  Performing command
 Comparing "590" and "0".
 IF test evaluated as true.  Performing command
 Parameter: APP <- "APPEND"
  
 CHARMM>     
  
 CHARMM>     
  
 CHARMM>    read rtf card @app
 Parameter: APP -> "APPEND"
 MAINIO> Residue topology file being read from unit  98.
 RDTITL> * TOPOLOGY FOR SPIN LABEL
 RDTITL> *
  
 CHARMM>     
  
 CHARMM>     
  
 CHARMM>    read para card flex @app
 Parameter: APP -> "APPEND"

          PARAMETER FILE BEING READ FROM UNIT 98
 RDTITL> * PARAMETERS FOR SPIN LABEL
 RDTITL> *
 PARMIO> NONBOND, HBOND lists and IMAGE atoms cleared.
  
 CHARMM>     
  
 CHARMM>    return
 VCLOSE: Closing unit   98 with status "KEEP"

                    RETURNING TO INPUT STREAM    99
  
 CHARMM>    stream toppar/toppar_all36_label_fluorophore.str
 VOPEN> Attempting to open::toppar/toppar_all36_label_fluorophore.str::
 OPNLGU> Unit 98 opened for READONLY access to toppar/toppar_all36_label_fluorophore.str

                    INPUT STREAM SWITCHING TO UNIT    98
 RDTITL> READ RTF CARD APPEND
 RDTITL> No title read.
 Parameter: IN1 <- "" <empty>
  
 CHARMM>    read rtf card append
 MAINIO> Residue topology file being read from unit  98.
 RDTITL> * TOPOLOGY FILES
 RDTITL> *
  
 CHARMM>     
  
 CHARMM>    read param card flex append

          PARAMETER FILE BEING READ FROM UNIT 98
 RDTITL> * MINI FORCE FIELD PARAMETER FILE.
 RDTITL> *
 PARMIO> NONBOND, HBOND lists and IMAGE atoms cleared.
  
 CHARMM>     
  
 VCLOSE: Closing unit   98 with status "KEEP"

                    RETURNING TO INPUT STREAM    99
  
 CHARMM>     
  
 CHARMM>     
  
 CHARMM>    ! Custom topology and parameter files for Nascent PG
 CHARMM>    open read card unit 10 name custom_files/pg.rtf
 OPNLGU> Unit already open. The old file will be closed first.
 VCLOSE: Closing unit   10 with status "KEEP"
 VOPEN> Attempting to open::custom_files/pg.rtf::
 OPNLGU> Unit 10 opened for READONLY access to custom_files/pg.rtf
  
 CHARMM>    read  rtf card unit 10 append
 MAINIO> Residue topology file being read from unit  10.
 TITLE> * TOPOLOGY FOR LII
 TITLE> *
  
 CHARMM>     
  
 CHARMM>     
  
 CHARMM>     
  
 CHARMM>     
  
 VCLOSE: Closing unit   99 with status "KEEP"

                    RETURNING TO INPUT STREAM     5
  
 CHARMM>     
  
 CHARMM>    ! --- Initialize important variables ---
 CHARMM>    stream pg_vars.str
 VOPEN> Attempting to open::pg_vars.str::
 OPNLGU> Unit 99 opened for READONLY access to pg_vars.str

                    INPUT STREAM SWITCHING TO UNIT    99
 RDTITL> *INFORMATION ABOUT SYSTEM
 RDTITL> *
 Parameter: IN1 <- "" <empty>
  
 CHARMM>    set PGNAME = l32
 Parameter: PGNAME <- "L32"
  
 CHARMM>    set SEQFILENAME = custom_files/l32_seq.str
 Parameter: SEQFILENAME <- "CUSTOM_FILES/L32_SEQ.STR"
  
 CHARMM>    set PATCHFILENAME = custom_files/l32_patch.str
 Parameter: PATCHFILENAME <- "CUSTOM_FILES/L32_PATCH.STR"
  
 CHARMM>    set NUMREPEATS = 16
 Parameter: NUMREPEATS <- "16"
  
 CHARMM>    set NUMSUGARS = 32
 Parameter: NUMSUGARS <- "32"
  
 CHARMM>    set PDBFILENAME = custom_files/49_acc_l32.pbd
 Parameter: PDBFILENAME <- "CUSTOM_FILES/49_ACC_L32.PBD"
  
 CHARMM>    set EXPORTDIR = 49_acc_l32_export
 Parameter: EXPORTDIR <- "49_ACC_L32_EXPORT"
  
 CHARMM>    set EXPORTFN = 49_acc_l32_l32
 Parameter: EXPORTFN <- "49_ACC_L32_L32"
  
 VCLOSE: Closing unit   99 with status "KEEP"

                    RETURNING TO INPUT STREAM     5
  
 CHARMM>     
  
 CHARMM>    ! --- Build segments from sequences
 CHARMM>    stream @SEQFILENAME
 Parameter: SEQFILENAME -> "CUSTOM_FILES/L32_SEQ.STR"
 VOPEN> Attempting to open::custom_files/l32_seq.str::
 OPNLGU> Unit 99 opened for READONLY access to custom_files/l32_seq.str

                    INPUT STREAM SWITCHING TO UNIT    99
 RDTITL> * STREAM FILE FOR L32, 16 REPEATS
 RDTITL> * GENERATED BY SETUP_NGP.PY
 RDTITL>  
 Parameter: IN1 <- "" <empty>
  
 CHARMM>     
  
 CHARMM>    !read GLY
 CHARMM>    read sequence card
 MAINIO> Sequence information being read from unit  99.
 RDTITL> * GLYCAN SEQUENCE
 RDTITL> 33
  
 SEQRDR>    33
  
 SEQRDR>    UNDP ANAM BNAG
  
 SEQRDR>    BNAM BNAG
  
 SEQRDR>    BNAM BNAG
  
 SEQRDR>    BNAM BNAG
  
 SEQRDR>    BNAM BNAG
  
 SEQRDR>    BNAM BNAG
  
 SEQRDR>    BNAM BNAG
  
 SEQRDR>    BNAM BNAG
  
 SEQRDR>    BNAM BNAG
  
 SEQRDR>    BNAM BNAG
  
 SEQRDR>    BNAM BNAG
  
 SEQRDR>    BNAM BNAG
  
 SEQRDR>    BNAM BNAG
  
 SEQRDR>    BNAM BNAG
  
 SEQRDR>    BNAM BNAG
  
 SEQRDR>    BNAM BNAG

          RESIDUE SEQUENCE --    33 RESIDUES
          UNDPANAMBNAGBNAMBNAGBNAMBNAGBNAMBNAGBNAMBNAGBNAMBNAGBNAMBNAGBNAMBNAGBNAMBNAGBNAM
          BNAGBNAMBNAGBNAMBNAGBNAMBNAGBNAMBNAGBNAMBNAGBNAMBNAG
  
 CHARMM>    generate GLY setup first none last none
 NO PATCHING WILL BE DONE ON THE FIRST RESIDUE
 NO PATCHING WILL BE DONE ON THE LAST  RESIDUE
 AUTGEN: Autogenerating specified angles and dihedrals.
 GENPSF> Segment   1 has been generated. Its identifier is GLY.
 PSFSUM> PSF modified: NONBOND lists and IMAGE atoms cleared.
 PSFSUM> Summary of the structure file counters :
         Number of segments      =        1   Number of residues   =       33
         Number of atoms         =     1242   Number of groups     =      311
         Number of bonds         =     1241   Number of angles     =     2215
         Number of dihedrals     =     3163   Number of impropers  =       64
         Number of cross-terms   =        0   Number of autogens   =        0
         Number of HB acceptors  =        0   Number of HB donors  =        0
         Number of NB exclusions =        0   Total charge =  -18.00000
 QXFORM> Expanded format used.
         More than 4 character atom name used.
  
 CHARMM>     
  
 CHARMM>    ! Read peptide stem 1 sequence
 CHARMM>    read sequence card
 MAINIO> Sequence information being read from unit  99.
 RDTITL> * PEPTIDE SEQUENCE
 RDTITL> *
  
 SEQRDR>    4
  
 SEQRDR>    ADGG MDAP DALA DALA

          RESIDUE SEQUENCE --     4 RESIDUES
          ADGG    MDAP    DALA    DALA    
  
 CHARMM>    generate PA01 first none last CTER setup warn
 NO PATCHING WILL BE DONE ON THE FIRST RESIDUE
 THE PATCH 'CTER' WILL BE USED FOR THE LAST  RESIDUE
 ** WARNING ** BOND NOT FOUND FOR RESIDUE  37 DALA  .
 ATOMS "C     " "+N    " WERE REQUESTED.
 ** WARNING ** BOND NOT FOUND FOR RESIDUE  37 DALA  .
 ATOMS "O     " "C     " WERE REQUESTED.
 ** WARNING ** IMPROPER NOT FOUND FOR RESIDUE  37 DALA  .
 ATOMS "C     " "CA    " "+N    " "O     " WERE REQUESTED.
 ** WARNING ** CROSSTERM NOT FOUND FOR RESIDUE  37 DALA  .
 ATOMS "-C    " "N     " "CA    " "C     "
 ATOMS "N     " "CA    " "C     " "+N    " WERE REQUESTED.
 ** WARNING ** ACCEPTOR NOT FOUND FOR RESIDUE  37 DALA  .
 ATOMS "O     " "C     " WERE REQUESTED.
 AUTGEN: Autogenerating specified angles and dihedrals.
 GENPSF> Segment   2 has been generated. Its identifier is PA01.
 PSFSUM> PSF modified: NONBOND lists and IMAGE atoms cleared.
 PSFSUM> Summary of the structure file counters :
         Number of segments      =        2   Number of residues   =       37
         Number of atoms         =     1312   Number of groups     =      332
         Number of bonds         =     1310   Number of angles     =     2339
         Number of dihedrals     =     3338   Number of impropers  =       75
         Number of cross-terms   =        2   Number of autogens   =        0
         Number of HB acceptors  =        9   Number of HB donors  =        8
         Number of NB exclusions =        0   Total charge =  -20.00000
  
 CHARMM>     
  
 CHARMM>     
  
 CHARMM>    ! Read peptide stem 2 sequence
 CHARMM>    read sequence card
 MAINIO> Sequence information being read from unit  99.
 RDTITL> * PEPTIDE SEQUENCE
 RDTITL> *
  
 SEQRDR>    4
  
 SEQRDR>    ADGG MDAP DALA DALA

          RESIDUE SEQUENCE --     4 RESIDUES
          ADGG    MDAP    DALA    DALA    
  
 CHARMM>    generate PA02 first none last CTER setup warn
 NO PATCHING WILL BE DONE ON THE FIRST RESIDUE
 THE PATCH 'CTER' WILL BE USED FOR THE LAST  RESIDUE
 ** WARNING ** BOND NOT FOUND FOR RESIDUE  41 DALA  .
 ATOMS "C     " "+N    " WERE REQUESTED.
 ** WARNING ** BOND NOT FOUND FOR RESIDUE  41 DALA  .
 ATOMS "O     " "C     " WERE REQUESTED.
 ** WARNING ** IMPROPER NOT FOUND FOR RESIDUE  41 DALA  .
 ATOMS "C     " "CA    " "+N    " "O     " WERE REQUESTED.
 ** WARNING ** CROSSTERM NOT FOUND FOR RESIDUE  41 DALA  .
 ATOMS "-C    " "N     " "CA    " "C     "
 ATOMS "N     " "CA    " "C     " "+N    " WERE REQUESTED.
 ** WARNING ** ACCEPTOR NOT FOUND FOR RESIDUE  41 DALA  .
 ATOMS "O     " "C     " WERE REQUESTED.
 AUTGEN: Autogenerating specified angles and dihedrals.
 GENPSF> Segment   3 has been generated. Its identifier is PA02.
 PSFSUM> PSF modified: NONBOND lists and IMAGE atoms cleared.
 PSFSUM> Summary of the structure file counters :
         Number of segments      =        3   Number of residues   =       41
         Number of atoms         =     1382   Number of groups     =      353
         Number of bonds         =     1379   Number of angles     =     2463
         Number of dihedrals     =     3513   Number of impropers  =       86
         Number of cross-terms   =        4   Number of autogens   =        0
         Number of HB acceptors  =       18   Number of HB donors  =       16
         Number of NB exclusions =        0   Total charge =  -22.00000
  
 CHARMM>     
  
 CHARMM>     
  
 CHARMM>     
  
 CHARMM>    ! Read peptide stem 3 sequence
 CHARMM>    read sequence card
 MAINIO> Sequence information being read from unit  99.
 RDTITL> * PEPTIDE SEQUENCE
 RDTITL> *
  
 SEQRDR>    4
  
 SEQRDR>    ADGG MDAP DALA DALA

          RESIDUE SEQUENCE --     4 RESIDUES
          ADGG    MDAP    DALA    DALA    
  
 CHARMM>    generate PA03 first none last CTER setup warn
 NO PATCHING WILL BE DONE ON THE FIRST RESIDUE
 THE PATCH 'CTER' WILL BE USED FOR THE LAST  RESIDUE
 ** WARNING ** BOND NOT FOUND FOR RESIDUE  45 DALA  .
 ATOMS "C     " "+N    " WERE REQUESTED.
 ** WARNING ** BOND NOT FOUND FOR RESIDUE  45 DALA  .
 ATOMS "O     " "C     " WERE REQUESTED.
 ** WARNING ** IMPROPER NOT FOUND FOR RESIDUE  45 DALA  .
 ATOMS "C     " "CA    " "+N    " "O     " WERE REQUESTED.
 ** WARNING ** CROSSTERM NOT FOUND FOR RESIDUE  45 DALA  .
 ATOMS "-C    " "N     " "CA    " "C     "
 ATOMS "N     " "CA    " "C     " "+N    " WERE REQUESTED.
 ** WARNING ** ACCEPTOR NOT FOUND FOR RESIDUE  45 DALA  .
 ATOMS "O     " "C     " WERE REQUESTED.
 AUTGEN: Autogenerating specified angles and dihedrals.
 GENPSF> Segment   4 has been generated. Its identifier is PA03.
 PSFSUM> PSF modified: NONBOND lists and IMAGE atoms cleared.
 PSFSUM> Summary of the structure file counters :
         Number of segments      =        4   Number of residues   =       45
         Number of atoms         =     1452   Number of groups     =      374
         Number of bonds         =     1448   Number of angles     =     2587
         Number of dihedrals     =     3688   Number of impropers  =       97
         Number of cross-terms   =        6   Number of autogens   =        0
         Number of HB acceptors  =       27   Number of HB donors  =       24
         Number of NB exclusions =        0   Total charge =  -24.00000
  
 CHARMM>     
  
 CHARMM>     
  
 CHARMM>     
  
 CHARMM>    ! Read peptide stem 4 sequence
 CHARMM>    read sequence card
 MAINIO> Sequence information being read from unit  99.
 RDTITL> * PEPTIDE SEQUENCE
 RDTITL> *
  
 SEQRDR>    4
  
 SEQRDR>    ADGG MDAP DALA DALA

          RESIDUE SEQUENCE --     4 RESIDUES
          ADGG    MDAP    DALA    DALA    
  
 CHARMM>    generate PA04 first none last CTER setup warn
 NO PATCHING WILL BE DONE ON THE FIRST RESIDUE
 THE PATCH 'CTER' WILL BE USED FOR THE LAST  RESIDUE
 ** WARNING ** BOND NOT FOUND FOR RESIDUE  49 DALA  .
 ATOMS "C     " "+N    " WERE REQUESTED.
 ** WARNING ** BOND NOT FOUND FOR RESIDUE  49 DALA  .
 ATOMS "O     " "C     " WERE REQUESTED.
 ** WARNING ** IMPROPER NOT FOUND FOR RESIDUE  49 DALA  .
 ATOMS "C     " "CA    " "+N    " "O     " WERE REQUESTED.
 ** WARNING ** CROSSTERM NOT FOUND FOR RESIDUE  49 DALA  .
 ATOMS "-C    " "N     " "CA    " "C     "
 ATOMS "N     " "CA    " "C     " "+N    " WERE REQUESTED.
 ** WARNING ** ACCEPTOR NOT FOUND FOR RESIDUE  49 DALA  .
 ATOMS "O     " "C     " WERE REQUESTED.
 AUTGEN: Autogenerating specified angles and dihedrals.
 GENPSF> Segment   5 has been generated. Its identifier is PA04.
 PSFSUM> PSF modified: NONBOND lists and IMAGE atoms cleared.
 PSFSUM> Summary of the structure file counters :
         Number of segments      =        5   Number of residues   =       49
         Number of atoms         =     1522   Number of groups     =      395
         Number of bonds         =     1517   Number of angles     =     2711
         Number of dihedrals     =     3863   Number of impropers  =      108
         Number of cross-terms   =        8   Number of autogens   =        0
         Number of HB acceptors  =       36   Number of HB donors  =       32
         Number of NB exclusions =        0   Total charge =  -26.00000
  
 CHARMM>     
  
 CHARMM>     
  
 CHARMM>     
  
 CHARMM>    ! Read peptide stem 5 sequence
 CHARMM>    read sequence card
 MAINIO> Sequence information being read from unit  99.
 RDTITL> * PEPTIDE SEQUENCE
 RDTITL> *
  
 SEQRDR>    4
  
 SEQRDR>    ADGG MDAP DALA DALA

          RESIDUE SEQUENCE --     4 RESIDUES
          ADGG    MDAP    DALA    DALA    
  
 CHARMM>    generate PA05 first none last CTER setup warn
 NO PATCHING WILL BE DONE ON THE FIRST RESIDUE
 THE PATCH 'CTER' WILL BE USED FOR THE LAST  RESIDUE
 ** WARNING ** BOND NOT FOUND FOR RESIDUE  53 DALA  .
 ATOMS "C     " "+N    " WERE REQUESTED.
 ** WARNING ** BOND NOT FOUND FOR RESIDUE  53 DALA  .
 ATOMS "O     " "C     " WERE REQUESTED.
 ** WARNING ** IMPROPER NOT FOUND FOR RESIDUE  53 DALA  .
 ATOMS "C     " "CA    " "+N    " "O     " WERE REQUESTED.
 ** WARNING ** CROSSTERM NOT FOUND FOR RESIDUE  53 DALA  .
 ATOMS "-C    " "N     " "CA    " "C     "
 ATOMS "N     " "CA    " "C     " "+N    " WERE REQUESTED.
 ** WARNING ** ACCEPTOR NOT FOUND FOR RESIDUE  53 DALA  .
 ATOMS "O     " "C     " WERE REQUESTED.
 AUTGEN: Autogenerating specified angles and dihedrals.
 GENPSF> Segment   6 has been generated. Its identifier is PA05.
 PSFSUM> PSF modified: NONBOND lists and IMAGE atoms cleared.
 PSFSUM> Summary of the structure file counters :
         Number of segments      =        6   Number of residues   =       53
         Number of atoms         =     1592   Number of groups     =      416
         Number of bonds         =     1586   Number of angles     =     2835
         Number of dihedrals     =     4038   Number of impropers  =      119
         Number of cross-terms   =       10   Number of autogens   =        0
         Number of HB acceptors  =       45   Number of HB donors  =       40
         Number of NB exclusions =        0   Total charge =  -28.00000
  
 CHARMM>     
  
 CHARMM>     
  
 CHARMM>     
  
 CHARMM>    ! Read peptide stem 6 sequence
 CHARMM>    read sequence card
 MAINIO> Sequence information being read from unit  99.
 RDTITL> * PEPTIDE SEQUENCE
 RDTITL> *
  
 SEQRDR>    4
  
 SEQRDR>    ADGG MDAP DALA DALA

          RESIDUE SEQUENCE --     4 RESIDUES
          ADGG    MDAP    DALA    DALA    
  
 CHARMM>    generate PA06 first none last CTER setup warn
 NO PATCHING WILL BE DONE ON THE FIRST RESIDUE
 THE PATCH 'CTER' WILL BE USED FOR THE LAST  RESIDUE
 ** WARNING ** BOND NOT FOUND FOR RESIDUE  57 DALA  .
 ATOMS "C     " "+N    " WERE REQUESTED.
 ** WARNING ** BOND NOT FOUND FOR RESIDUE  57 DALA  .
 ATOMS "O     " "C     " WERE REQUESTED.
 ** WARNING ** IMPROPER NOT FOUND FOR RESIDUE  57 DALA  .
 ATOMS "C     " "CA    " "+N    " "O     " WERE REQUESTED.
 ** WARNING ** CROSSTERM NOT FOUND FOR RESIDUE  57 DALA  .
 ATOMS "-C    " "N     " "CA    " "C     "
 ATOMS "N     " "CA    " "C     " "+N    " WERE REQUESTED.
 ** WARNING ** ACCEPTOR NOT FOUND FOR RESIDUE  57 DALA  .
 ATOMS "O     " "C     " WERE REQUESTED.
 AUTGEN: Autogenerating specified angles and dihedrals.
 GENPSF> Segment   7 has been generated. Its identifier is PA06.
 PSFSUM> PSF modified: NONBOND lists and IMAGE atoms cleared.
 PSFSUM> Summary of the structure file counters :
         Number of segments      =        7   Number of residues   =       57
         Number of atoms         =     1662   Number of groups     =      437
         Number of bonds         =     1655   Number of angles     =     2959
         Number of dihedrals     =     4213   Number of impropers  =      130
         Number of cross-terms   =       12   Number of autogens   =        0
         Number of HB acceptors  =       54   Number of HB donors  =       48
         Number of NB exclusions =        0   Total charge =  -30.00000
  
 CHARMM>     
  
 CHARMM>     
  
 CHARMM>     
  
 CHARMM>    ! Read peptide stem 7 sequence
 CHARMM>    read sequence card
 MAINIO> Sequence information being read from unit  99.
 RDTITL> * PEPTIDE SEQUENCE
 RDTITL> *
  
 SEQRDR>    4
  
 SEQRDR>    ADGG MDAP DALA DALA

          RESIDUE SEQUENCE --     4 RESIDUES
          ADGG    MDAP    DALA    DALA    
  
 CHARMM>    generate PA07 first none last CTER setup warn
 NO PATCHING WILL BE DONE ON THE FIRST RESIDUE
 THE PATCH 'CTER' WILL BE USED FOR THE LAST  RESIDUE
 ** WARNING ** BOND NOT FOUND FOR RESIDUE  61 DALA  .
 ATOMS "C     " "+N    " WERE REQUESTED.
 ** WARNING ** BOND NOT FOUND FOR RESIDUE  61 DALA  .
 ATOMS "O     " "C     " WERE REQUESTED.
 ** WARNING ** IMPROPER NOT FOUND FOR RESIDUE  61 DALA  .
 ATOMS "C     " "CA    " "+N    " "O     " WERE REQUESTED.
 ** WARNING ** CROSSTERM NOT FOUND FOR RESIDUE  61 DALA  .
 ATOMS "-C    " "N     " "CA    " "C     "
 ATOMS "N     " "CA    " "C     " "+N    " WERE REQUESTED.
 ** WARNING ** ACCEPTOR NOT FOUND FOR RESIDUE  61 DALA  .
 ATOMS "O     " "C     " WERE REQUESTED.
 AUTGEN: Autogenerating specified angles and dihedrals.
 GENPSF> Segment   8 has been generated. Its identifier is PA07.
 PSFSUM> PSF modified: NONBOND lists and IMAGE atoms cleared.
 PSFSUM> Summary of the structure file counters :
         Number of segments      =        8   Number of residues   =       61
         Number of atoms         =     1732   Number of groups     =      458
         Number of bonds         =     1724   Number of angles     =     3083
         Number of dihedrals     =     4388   Number of impropers  =      141
         Number of cross-terms   =       14   Number of autogens   =        0
         Number of HB acceptors  =       63   Number of HB donors  =       56
         Number of NB exclusions =        0   Total charge =  -32.00000
  
 CHARMM>     
  
 CHARMM>     
  
 CHARMM>     
  
 CHARMM>    ! Read peptide stem 8 sequence
 CHARMM>    read sequence card
 MAINIO> Sequence information being read from unit  99.
 RDTITL> * PEPTIDE SEQUENCE
 RDTITL> *
  
 SEQRDR>    4
  
 SEQRDR>    ADGG MDAP DALA DALA

          RESIDUE SEQUENCE --     4 RESIDUES
          ADGG    MDAP    DALA    DALA    
  
 CHARMM>    generate PA08 first none last CTER setup warn
 NO PATCHING WILL BE DONE ON THE FIRST RESIDUE
 THE PATCH 'CTER' WILL BE USED FOR THE LAST  RESIDUE
 ** WARNING ** BOND NOT FOUND FOR RESIDUE  65 DALA  .
 ATOMS "C     " "+N    " WERE REQUESTED.
 ** WARNING ** BOND NOT FOUND FOR RESIDUE  65 DALA  .
 ATOMS "O     " "C     " WERE REQUESTED.
 ** WARNING ** IMPROPER NOT FOUND FOR RESIDUE  65 DALA  .
 ATOMS "C     " "CA    " "+N    " "O     " WERE REQUESTED.
 ** WARNING ** CROSSTERM NOT FOUND FOR RESIDUE  65 DALA  .
 ATOMS "-C    " "N     " "CA    " "C     "
 ATOMS "N     " "CA    " "C     " "+N    " WERE REQUESTED.
 ** WARNING ** ACCEPTOR NOT FOUND FOR RESIDUE  65 DALA  .
 ATOMS "O     " "C     " WERE REQUESTED.
 AUTGEN: Autogenerating specified angles and dihedrals.
 GENPSF> Segment   9 has been generated. Its identifier is PA08.
 PSFSUM> PSF modified: NONBOND lists and IMAGE atoms cleared.
 PSFSUM> Summary of the structure file counters :
         Number of segments      =        9   Number of residues   =       65
         Number of atoms         =     1802   Number of groups     =      479
         Number of bonds         =     1793   Number of angles     =     3207
         Number of dihedrals     =     4563   Number of impropers  =      152
         Number of cross-terms   =       16   Number of autogens   =        0
         Number of HB acceptors  =       72   Number of HB donors  =       64
         Number of NB exclusions =        0   Total charge =  -34.00000
  
 CHARMM>     
  
 CHARMM>     
  
 CHARMM>     
  
 CHARMM>    ! Read peptide stem 9 sequence
 CHARMM>    read sequence card
 MAINIO> Sequence information being read from unit  99.
 RDTITL> * PEPTIDE SEQUENCE
 RDTITL> *
  
 SEQRDR>    4
  
 SEQRDR>    ADGG MDAP DALA DALA

          RESIDUE SEQUENCE --     4 RESIDUES
          ADGG    MDAP    DALA    DALA    
  
 CHARMM>    generate PA09 first none last CTER setup warn
 NO PATCHING WILL BE DONE ON THE FIRST RESIDUE
 THE PATCH 'CTER' WILL BE USED FOR THE LAST  RESIDUE
 ** WARNING ** BOND NOT FOUND FOR RESIDUE  69 DALA  .
 ATOMS "C     " "+N    " WERE REQUESTED.
 ** WARNING ** BOND NOT FOUND FOR RESIDUE  69 DALA  .
 ATOMS "O     " "C     " WERE REQUESTED.
 ** WARNING ** IMPROPER NOT FOUND FOR RESIDUE  69 DALA  .
 ATOMS "C     " "CA    " "+N    " "O     " WERE REQUESTED.
 ** WARNING ** CROSSTERM NOT FOUND FOR RESIDUE  69 DALA  .
 ATOMS "-C    " "N     " "CA    " "C     "
 ATOMS "N     " "CA    " "C     " "+N    " WERE REQUESTED.
 ** WARNING ** ACCEPTOR NOT FOUND FOR RESIDUE  69 DALA  .
 ATOMS "O     " "C     " WERE REQUESTED.
 AUTGEN: Autogenerating specified angles and dihedrals.
 GENPSF> Segment  10 has been generated. Its identifier is PA09.
 PSFSUM> PSF modified: NONBOND lists and IMAGE atoms cleared.
 PSFSUM> Summary of the structure file counters :
         Number of segments      =       10   Number of residues   =       69
         Number of atoms         =     1872   Number of groups     =      500
         Number of bonds         =     1862   Number of angles     =     3331
         Number of dihedrals     =     4738   Number of impropers  =      163
         Number of cross-terms   =       18   Number of autogens   =        0
         Number of HB acceptors  =       81   Number of HB donors  =       72
         Number of NB exclusions =        0   Total charge =  -36.00000
  
 CHARMM>     
  
 CHARMM>     
  
 CHARMM>     
  
 CHARMM>    ! Read peptide stem 10 sequence
 CHARMM>    read sequence card
 MAINIO> Sequence information being read from unit  99.
 RDTITL> * PEPTIDE SEQUENCE
 RDTITL> *
  
 SEQRDR>    4
  
 SEQRDR>    ADGG MDAP DALA DALA

          RESIDUE SEQUENCE --     4 RESIDUES
          ADGG    MDAP    DALA    DALA    
  
 CHARMM>    generate PA10 first none last CTER setup warn
 NO PATCHING WILL BE DONE ON THE FIRST RESIDUE
 THE PATCH 'CTER' WILL BE USED FOR THE LAST  RESIDUE
 ** WARNING ** BOND NOT FOUND FOR RESIDUE  73 DALA  .
 ATOMS "C     " "+N    " WERE REQUESTED.
 ** WARNING ** BOND NOT FOUND FOR RESIDUE  73 DALA  .
 ATOMS "O     " "C     " WERE REQUESTED.
 ** WARNING ** IMPROPER NOT FOUND FOR RESIDUE  73 DALA  .
 ATOMS "C     " "CA    " "+N    " "O     " WERE REQUESTED.
 ** WARNING ** CROSSTERM NOT FOUND FOR RESIDUE  73 DALA  .
 ATOMS "-C    " "N     " "CA    " "C     "
 ATOMS "N     " "CA    " "C     " "+N    " WERE REQUESTED.
 ** WARNING ** ACCEPTOR NOT FOUND FOR RESIDUE  73 DALA  .
 ATOMS "O     " "C     " WERE REQUESTED.
 AUTGEN: Autogenerating specified angles and dihedrals.
 GENPSF> Segment  11 has been generated. Its identifier is PA10.
 PSFSUM> PSF modified: NONBOND lists and IMAGE atoms cleared.
 PSFSUM> Summary of the structure file counters :
         Number of segments      =       11   Number of residues   =       73
         Number of atoms         =     1942   Number of groups     =      521
         Number of bonds         =     1931   Number of angles     =     3455
         Number of dihedrals     =     4913   Number of impropers  =      174
         Number of cross-terms   =       20   Number of autogens   =        0
         Number of HB acceptors  =       90   Number of HB donors  =       80
         Number of NB exclusions =        0   Total charge =  -38.00000
  
 CHARMM>     
  
 CHARMM>     
  
 CHARMM>     
  
 CHARMM>    ! Read peptide stem 11 sequence
 CHARMM>    read sequence card
 MAINIO> Sequence information being read from unit  99.
 RDTITL> * PEPTIDE SEQUENCE
 RDTITL> *
  
 SEQRDR>    4
  
 SEQRDR>    ADGG MDAP DALA DALA

          RESIDUE SEQUENCE --     4 RESIDUES
          ADGG    MDAP    DALA    DALA    
  
 CHARMM>    generate PA11 first none last CTER setup warn
 NO PATCHING WILL BE DONE ON THE FIRST RESIDUE
 THE PATCH 'CTER' WILL BE USED FOR THE LAST  RESIDUE
 ** WARNING ** BOND NOT FOUND FOR RESIDUE  77 DALA  .
 ATOMS "C     " "+N    " WERE REQUESTED.
 ** WARNING ** BOND NOT FOUND FOR RESIDUE  77 DALA  .
 ATOMS "O     " "C     " WERE REQUESTED.
 ** WARNING ** IMPROPER NOT FOUND FOR RESIDUE  77 DALA  .
 ATOMS "C     " "CA    " "+N    " "O     " WERE REQUESTED.
 ** WARNING ** CROSSTERM NOT FOUND FOR RESIDUE  77 DALA  .
 ATOMS "-C    " "N     " "CA    " "C     "
 ATOMS "N     " "CA    " "C     " "+N    " WERE REQUESTED.
 ** WARNING ** ACCEPTOR NOT FOUND FOR RESIDUE  77 DALA  .
 ATOMS "O     " "C     " WERE REQUESTED.
 AUTGEN: Autogenerating specified angles and dihedrals.
 GENPSF> Segment  12 has been generated. Its identifier is PA11.
 PSFSUM> PSF modified: NONBOND lists and IMAGE atoms cleared.
 PSFSUM> Summary of the structure file counters :
         Number of segments      =       12   Number of residues   =       77
         Number of atoms         =     2012   Number of groups     =      542
         Number of bonds         =     2000   Number of angles     =     3579
         Number of dihedrals     =     5088   Number of impropers  =      185
         Number of cross-terms   =       22   Number of autogens   =        0
         Number of HB acceptors  =       99   Number of HB donors  =       88
         Number of NB exclusions =        0   Total charge =  -40.00000
  
 CHARMM>     
  
 CHARMM>     
  
 CHARMM>     
  
 CHARMM>    ! Read peptide stem 12 sequence
 CHARMM>    read sequence card
 MAINIO> Sequence information being read from unit  99.
 RDTITL> * PEPTIDE SEQUENCE
 RDTITL> *
  
 SEQRDR>    4
  
 SEQRDR>    ADGG MDAP DALA DALA

          RESIDUE SEQUENCE --     4 RESIDUES
          ADGG    MDAP    DALA    DALA    
  
 CHARMM>    generate PA12 first none last CTER setup warn
 NO PATCHING WILL BE DONE ON THE FIRST RESIDUE
 THE PATCH 'CTER' WILL BE USED FOR THE LAST  RESIDUE
 ** WARNING ** BOND NOT FOUND FOR RESIDUE  81 DALA  .
 ATOMS "C     " "+N    " WERE REQUESTED.
 ** WARNING ** BOND NOT FOUND FOR RESIDUE  81 DALA  .
 ATOMS "O     " "C     " WERE REQUESTED.
 ** WARNING ** IMPROPER NOT FOUND FOR RESIDUE  81 DALA  .
 ATOMS "C     " "CA    " "+N    " "O     " WERE REQUESTED.
 ** WARNING ** CROSSTERM NOT FOUND FOR RESIDUE  81 DALA  .
 ATOMS "-C    " "N     " "CA    " "C     "
 ATOMS "N     " "CA    " "C     " "+N    " WERE REQUESTED.
 ** WARNING ** ACCEPTOR NOT FOUND FOR RESIDUE  81 DALA  .
 ATOMS "O     " "C     " WERE REQUESTED.
 AUTGEN: Autogenerating specified angles and dihedrals.
 GENPSF> Segment  13 has been generated. Its identifier is PA12.
 PSFSUM> PSF modified: NONBOND lists and IMAGE atoms cleared.
 PSFSUM> Summary of the structure file counters :
         Number of segments      =       13   Number of residues   =       81
         Number of atoms         =     2082   Number of groups     =      563
         Number of bonds         =     2069   Number of angles     =     3703
         Number of dihedrals     =     5263   Number of impropers  =      196
         Number of cross-terms   =       24   Number of autogens   =        0
         Number of HB acceptors  =      108   Number of HB donors  =       96
         Number of NB exclusions =        0   Total charge =  -42.00000
  
 CHARMM>     
  
 CHARMM>     
  
 CHARMM>     
  
 CHARMM>    ! Read peptide stem 13 sequence
 CHARMM>    read sequence card
 MAINIO> Sequence information being read from unit  99.
 RDTITL> * PEPTIDE SEQUENCE
 RDTITL> *
  
 SEQRDR>    4
  
 SEQRDR>    ADGG MDAP DALA DALA

          RESIDUE SEQUENCE --     4 RESIDUES
          ADGG    MDAP    DALA    DALA    
  
 CHARMM>    generate PA13 first none last CTER setup warn
 NO PATCHING WILL BE DONE ON THE FIRST RESIDUE
 THE PATCH 'CTER' WILL BE USED FOR THE LAST  RESIDUE
 ** WARNING ** BOND NOT FOUND FOR RESIDUE  85 DALA  .
 ATOMS "C     " "+N    " WERE REQUESTED.
 ** WARNING ** BOND NOT FOUND FOR RESIDUE  85 DALA  .
 ATOMS "O     " "C     " WERE REQUESTED.
 ** WARNING ** IMPROPER NOT FOUND FOR RESIDUE  85 DALA  .
 ATOMS "C     " "CA    " "+N    " "O     " WERE REQUESTED.
 ** WARNING ** CROSSTERM NOT FOUND FOR RESIDUE  85 DALA  .
 ATOMS "-C    " "N     " "CA    " "C     "
 ATOMS "N     " "CA    " "C     " "+N    " WERE REQUESTED.
 ** WARNING ** ACCEPTOR NOT FOUND FOR RESIDUE  85 DALA  .
 ATOMS "O     " "C     " WERE REQUESTED.
 AUTGEN: Autogenerating specified angles and dihedrals.
 GENPSF> Segment  14 has been generated. Its identifier is PA13.
 PSFSUM> PSF modified: NONBOND lists and IMAGE atoms cleared.
 PSFSUM> Summary of the structure file counters :
         Number of segments      =       14   Number of residues   =       85
         Number of atoms         =     2152   Number of groups     =      584
         Number of bonds         =     2138   Number of angles     =     3827
         Number of dihedrals     =     5438   Number of impropers  =      207
         Number of cross-terms   =       26   Number of autogens   =        0
         Number of HB acceptors  =      117   Number of HB donors  =      104
         Number of NB exclusions =        0   Total charge =  -44.00000
  
 CHARMM>     
  
 CHARMM>     
  
 CHARMM>     
  
 CHARMM>    ! Read peptide stem 14 sequence
 CHARMM>    read sequence card
 MAINIO> Sequence information being read from unit  99.
 RDTITL> * PEPTIDE SEQUENCE
 RDTITL> *
  
 SEQRDR>    4
  
 SEQRDR>    ADGG MDAP DALA DALA

          RESIDUE SEQUENCE --     4 RESIDUES
          ADGG    MDAP    DALA    DALA    
  
 CHARMM>    generate PA14 first none last CTER setup warn
 NO PATCHING WILL BE DONE ON THE FIRST RESIDUE
 THE PATCH 'CTER' WILL BE USED FOR THE LAST  RESIDUE
 ** WARNING ** BOND NOT FOUND FOR RESIDUE  89 DALA  .
 ATOMS "C     " "+N    " WERE REQUESTED.
 ** WARNING ** BOND NOT FOUND FOR RESIDUE  89 DALA  .
 ATOMS "O     " "C     " WERE REQUESTED.
 ** WARNING ** IMPROPER NOT FOUND FOR RESIDUE  89 DALA  .
 ATOMS "C     " "CA    " "+N    " "O     " WERE REQUESTED.
 ** WARNING ** CROSSTERM NOT FOUND FOR RESIDUE  89 DALA  .
 ATOMS "-C    " "N     " "CA    " "C     "
 ATOMS "N     " "CA    " "C     " "+N    " WERE REQUESTED.
 ** WARNING ** ACCEPTOR NOT FOUND FOR RESIDUE  89 DALA  .
 ATOMS "O     " "C     " WERE REQUESTED.
 AUTGEN: Autogenerating specified angles and dihedrals.
 GENPSF> Segment  15 has been generated. Its identifier is PA14.
 PSFSUM> PSF modified: NONBOND lists and IMAGE atoms cleared.
 PSFSUM> Summary of the structure file counters :
         Number of segments      =       15   Number of residues   =       89
         Number of atoms         =     2222   Number of groups     =      605
         Number of bonds         =     2207   Number of angles     =     3951
         Number of dihedrals     =     5613   Number of impropers  =      218
         Number of cross-terms   =       28   Number of autogens   =        0
         Number of HB acceptors  =      126   Number of HB donors  =      112
         Number of NB exclusions =        0   Total charge =  -46.00000
  
 CHARMM>     
  
 CHARMM>     
  
 CHARMM>     
  
 CHARMM>    ! Read peptide stem 15 sequence
 CHARMM>    read sequence card
 MAINIO> Sequence information being read from unit  99.
 RDTITL> * PEPTIDE SEQUENCE
 RDTITL> *
  
 SEQRDR>    4
  
 SEQRDR>    ADGG MDAP DALA DALA

          RESIDUE SEQUENCE --     4 RESIDUES
          ADGG    MDAP    DALA    DALA    
  
 CHARMM>    generate PA15 first none last CTER setup warn
 NO PATCHING WILL BE DONE ON THE FIRST RESIDUE
 THE PATCH 'CTER' WILL BE USED FOR THE LAST  RESIDUE
 ** WARNING ** BOND NOT FOUND FOR RESIDUE  93 DALA  .
 ATOMS "C     " "+N    " WERE REQUESTED.
 ** WARNING ** BOND NOT FOUND FOR RESIDUE  93 DALA  .
 ATOMS "O     " "C     " WERE REQUESTED.
 ** WARNING ** IMPROPER NOT FOUND FOR RESIDUE  93 DALA  .
 ATOMS "C     " "CA    " "+N    " "O     " WERE REQUESTED.
 ** WARNING ** CROSSTERM NOT FOUND FOR RESIDUE  93 DALA  .
 ATOMS "-C    " "N     " "CA    " "C     "
 ATOMS "N     " "CA    " "C     " "+N    " WERE REQUESTED.
 ** WARNING ** ACCEPTOR NOT FOUND FOR RESIDUE  93 DALA  .
 ATOMS "O     " "C     " WERE REQUESTED.
 AUTGEN: Autogenerating specified angles and dihedrals.
 GENPSF> Segment  16 has been generated. Its identifier is PA15.
 PSFSUM> PSF modified: NONBOND lists and IMAGE atoms cleared.
 PSFSUM> Summary of the structure file counters :
         Number of segments      =       16   Number of residues   =       93
         Number of atoms         =     2292   Number of groups     =      626
         Number of bonds         =     2276   Number of angles     =     4075
         Number of dihedrals     =     5788   Number of impropers  =      229
         Number of cross-terms   =       30   Number of autogens   =        0
         Number of HB acceptors  =      135   Number of HB donors  =      120
         Number of NB exclusions =        0   Total charge =  -48.00000
  
 CHARMM>     
  
 CHARMM>     
  
 CHARMM>     
  
 CHARMM>    ! Read peptide stem 16 sequence
 CHARMM>    read sequence card
 MAINIO> Sequence information being read from unit  99.
 RDTITL> * PEPTIDE SEQUENCE
 RDTITL> *
  
 SEQRDR>    4
  
 SEQRDR>    ADGG MDAP DALA DALA

          RESIDUE SEQUENCE --     4 RESIDUES
          ADGG    MDAP    DALA    DALA    
  
 CHARMM>    generate PA16 first none last CTER setup warn
 NO PATCHING WILL BE DONE ON THE FIRST RESIDUE
 THE PATCH 'CTER' WILL BE USED FOR THE LAST  RESIDUE
 ** WARNING ** BOND NOT FOUND FOR RESIDUE  97 DALA  .
 ATOMS "C     " "+N    " WERE REQUESTED.
 ** WARNING ** BOND NOT FOUND FOR RESIDUE  97 DALA  .
 ATOMS "O     " "C     " WERE REQUESTED.
 ** WARNING ** IMPROPER NOT FOUND FOR RESIDUE  97 DALA  .
 ATOMS "C     " "CA    " "+N    " "O     " WERE REQUESTED.
 ** WARNING ** CROSSTERM NOT FOUND FOR RESIDUE  97 DALA  .
 ATOMS "-C    " "N     " "CA    " "C     "
 ATOMS "N     " "CA    " "C     " "+N    " WERE REQUESTED.
 ** WARNING ** ACCEPTOR NOT FOUND FOR RESIDUE  97 DALA  .
 ATOMS "O     " "C     " WERE REQUESTED.
 AUTGEN: Autogenerating specified angles and dihedrals.
 GENPSF> Segment  17 has been generated. Its identifier is PA16.
 PSFSUM> PSF modified: NONBOND lists and IMAGE atoms cleared.
 PSFSUM> Summary of the structure file counters :
         Number of segments      =       17   Number of residues   =       97
         Number of atoms         =     2362   Number of groups     =      647
         Number of bonds         =     2345   Number of angles     =     4199
         Number of dihedrals     =     5963   Number of impropers  =      240
         Number of cross-terms   =       32   Number of autogens   =        0
         Number of HB acceptors  =      144   Number of HB donors  =      128
         Number of NB exclusions =        0   Total charge =  -50.00000
  
 CHARMM>     
  
 CHARMM>     
  
 VCLOSE: Closing unit   99 with status "KEEP"

                    RETURNING TO INPUT STREAM     5
  
 CHARMM>     
  
 CHARMM>    ! --- Apply all necessary patches
 CHARMM>    stream @PATCHFILENAME
 Parameter: PATCHFILENAME -> "CUSTOM_FILES/L32_PATCH.STR"
 VOPEN> Attempting to open::custom_files/l32_patch.str::
 OPNLGU> Unit 99 opened for READONLY access to custom_files/l32_patch.str

                    INPUT STREAM SWITCHING TO UNIT    99
 RDTITL>  
 RDTITL> No title read.
 Parameter: IN1 <- "" <empty>
  
 CHARMM>     
  
 CHARMM>    !Apply patches for L2
 CHARMM>    patch LLLX GLY 2 GLY 1 setup warn
 ATOM  GLY      2        ANAM     HO1      AND ALL REFERENCES TO IT DELETED.
 ATOM  GLY      2        ANAM     O1       AND ALL REFERENCES TO IT DELETED.
 ATOM  GLY      1        UNDP     HO22     AND ALL REFERENCES TO IT DELETED.

 Message from MAPIC: Atom numbers are changed.
 DELTIC:         3 bonds deleted
 DELTIC:         5 angles deleted
 DELTIC:        10 dihedrals deleted
 DUPLICATE ACCEPTOR FOUND FOR  PA01     1        ADGG     OY1     
 ACCEPTOR ANTECEDENT  PA01     1        ADGG     CY       REMOVED.
 ACCEPTOR ANTECEDENT  PA01     1        ADGG     CY       REMOVED.
 DUPLICATE ENTRY REMOVED.
 DUPLICATE ACCEPTOR FOUND FOR  PA02     1        ADGG     OY1     
 ACCEPTOR ANTECEDENT  PA02     1        ADGG     CY       REMOVED.
 ACCEPTOR ANTECEDENT  PA02     1        ADGG     CY       REMOVED.
 DUPLICATE ENTRY REMOVED.
 DUPLICATE ACCEPTOR FOUND FOR  PA03     1        ADGG     OY1     
 ACCEPTOR ANTECEDENT  PA03     1        ADGG     CY       REMOVED.
 ACCEPTOR ANTECEDENT  PA03     1        ADGG     CY       REMOVED.
 DUPLICATE ENTRY REMOVED.
 DUPLICATE ACCEPTOR FOUND FOR  PA04     1        ADGG     OY1     
 ACCEPTOR ANTECEDENT  PA04     1        ADGG     CY       REMOVED.
 ACCEPTOR ANTECEDENT  PA04     1        ADGG     CY       REMOVED.
 DUPLICATE ENTRY REMOVED.
 DUPLICATE ACCEPTOR FOUND FOR  PA05     1        ADGG     OY1     
 ACCEPTOR ANTECEDENT  PA05     1        ADGG     CY       REMOVED.
 ACCEPTOR ANTECEDENT  PA05     1        ADGG     CY       REMOVED.
 DUPLICATE ENTRY REMOVED.
 DUPLICATE ACCEPTOR FOUND FOR  PA06     1        ADGG     OY1     
 ACCEPTOR ANTECEDENT  PA06     1        ADGG     CY       REMOVED.
 ACCEPTOR ANTECEDENT  PA06     1        ADGG     CY       REMOVED.
 DUPLICATE ENTRY REMOVED.
 DUPLICATE ACCEPTOR FOUND FOR  PA07     1        ADGG     OY1     
 ACCEPTOR ANTECEDENT  PA07     1        ADGG     CY       REMOVED.
 ACCEPTOR ANTECEDENT  PA07     1        ADGG     CY       REMOVED.
 DUPLICATE ENTRY REMOVED.
 DUPLICATE ACCEPTOR FOUND FOR  PA08     1        ADGG     OY1     
 ACCEPTOR ANTECEDENT  PA08     1        ADGG     CY       REMOVED.
 ACCEPTOR ANTECEDENT  PA08     1        ADGG     CY       REMOVED.
 DUPLICATE ENTRY REMOVED.
 DUPLICATE ACCEPTOR FOUND FOR  PA09     1        ADGG     OY1     
 ACCEPTOR ANTECEDENT  PA09     1        ADGG     CY       REMOVED.
 ACCEPTOR ANTECEDENT  PA09     1        ADGG     CY       REMOVED.
 DUPLICATE ENTRY REMOVED.
 DUPLICATE ACCEPTOR FOUND FOR  PA10     1        ADGG     OY1     
 ACCEPTOR ANTECEDENT  PA10     1        ADGG     CY       REMOVED.
 ACCEPTOR ANTECEDENT  PA10     1        ADGG     CY       REMOVED.
 DUPLICATE ENTRY REMOVED.
 DUPLICATE ACCEPTOR FOUND FOR  PA11     1        ADGG     OY1     
 ACCEPTOR ANTECEDENT  PA11     1        ADGG     CY       REMOVED.
 ACCEPTOR ANTECEDENT  PA11     1        ADGG     CY       REMOVED.
 DUPLICATE ENTRY REMOVED.
 DUPLICATE ACCEPTOR FOUND FOR  PA12     1        ADGG     OY1     
 ACCEPTOR ANTECEDENT  PA12     1        ADGG     CY       REMOVED.
 ACCEPTOR ANTECEDENT  PA12     1        ADGG     CY       REMOVED.
 DUPLICATE ENTRY REMOVED.
 DUPLICATE ACCEPTOR FOUND FOR  PA13     1        ADGG     OY1     
 ACCEPTOR ANTECEDENT  PA13     1        ADGG     CY       REMOVED.
 ACCEPTOR ANTECEDENT  PA13     1        ADGG     CY       REMOVED.
 DUPLICATE ENTRY REMOVED.
 DUPLICATE ACCEPTOR FOUND FOR  PA14     1        ADGG     OY1     
 ACCEPTOR ANTECEDENT  PA14     1        ADGG     CY       REMOVED.
 ACCEPTOR ANTECEDENT  PA14     1        ADGG     CY       REMOVED.
 DUPLICATE ENTRY REMOVED.
 DUPLICATE ACCEPTOR FOUND FOR  PA15     1        ADGG     OY1     
 ACCEPTOR ANTECEDENT  PA15     1        ADGG     CY       REMOVED.
 ACCEPTOR ANTECEDENT  PA15     1        ADGG     CY       REMOVED.
 DUPLICATE ENTRY REMOVED.
 DUPLICATE ACCEPTOR FOUND FOR  PA16     1        ADGG     OY1     
 ACCEPTOR ANTECEDENT  PA16     1        ADGG     CY       REMOVED.
 ACCEPTOR ANTECEDENT  PA16     1        ADGG     CY       REMOVED.
 DUPLICATE ENTRY REMOVED.
 DELTIC:        16 acceptors deleted
 AUTGEN: Autogenerating specified angles and dihedrals.
 AUTOGEN:  4194 angles are removed before regeneration for selected atoms.
 AUTOGEN:  5953 dihedrals are removed before regeneration for selected atoms.
 PATCH: Check angles and dihedrals autogenerated.
 PSFSUM> PSF modified: NONBOND lists and IMAGE atoms cleared.
 PSFSUM> Summary of the structure file counters :
         Number of segments      =       17   Number of residues   =       97
         Number of atoms         =     2359   Number of groups     =      648
         Number of bonds         =     2343   Number of angles     =     4198
         Number of dihedrals     =     5963   Number of impropers  =      240
         Number of cross-terms   =       32   Number of autogens   =        0
         Number of HB acceptors  =      128   Number of HB donors  =      128
         Number of NB exclusions =        0   Total charge =  -50.00000
  
 CHARMM>    patch 14BB GLY 2 GLY 3 setup warn
 ATOM  GLY      2        ANAM     HO4      AND ALL REFERENCES TO IT DELETED.
 ATOM  GLY      3        BNAG     HO1      AND ALL REFERENCES TO IT DELETED.
 ATOM  GLY      3        BNAG     O1       AND ALL REFERENCES TO IT DELETED.

 Message from MAPIC: Atom numbers are changed.
 DELTIC:         3 bonds deleted
 DELTIC:         5 angles deleted
 DELTIC:        10 dihedrals deleted
 AUTGEN: Autogenerating specified angles and dihedrals.
 AUTOGEN:  4193 angles are removed before regeneration for selected atoms.
 AUTOGEN:  5953 dihedrals are removed before regeneration for selected atoms.
 PATCH: Check angles and dihedrals autogenerated.
 PSFSUM> PSF modified: NONBOND lists and IMAGE atoms cleared.
 PSFSUM> Summary of the structure file counters :
         Number of segments      =       17   Number of residues   =       97
         Number of atoms         =     2356   Number of groups     =      648
         Number of bonds         =     2341   Number of angles     =     4197
         Number of dihedrals     =     5963   Number of impropers  =      240
         Number of cross-terms   =       32   Number of autogens   =        0
         Number of HB acceptors  =      128   Number of HB donors  =      128
         Number of NB exclusions =        0   Total charge =  -50.00000
  
 CHARMM>    patch 3BMDPx GLY 2 PA01 1 setup warn
 ATOM  GLY      2        ANAM     O32      AND ALL REFERENCES TO IT DELETED.

 Message from MAPIC: Atom numbers are changed.
 DELTIC:         1 bonds deleted
 DELTIC:         2 angles deleted
 DELTIC:         3 dihedrals deleted
 AUTGEN: Autogenerating specified angles and dihedrals.
 AUTOGEN:  4195 angles are removed before regeneration for selected atoms.
 AUTOGEN:  5960 dihedrals are removed before regeneration for selected atoms.
 PATCH: Check angles and dihedrals autogenerated.
 PSFSUM> PSF modified: NONBOND lists and IMAGE atoms cleared.
 PSFSUM> Summary of the structure file counters :
         Number of segments      =       17   Number of residues   =       97
         Number of atoms         =     2355   Number of groups     =      650
         Number of bonds         =     2341   Number of angles     =     4199
         Number of dihedrals     =     5970   Number of impropers  =      242
         Number of cross-terms   =       32   Number of autogens   =        0
         Number of HB acceptors  =      128   Number of HB donors  =      128
         Number of NB exclusions =        0   Total charge =  -49.00000
  
 CHARMM>     
  
 CHARMM>    ! Apply patches for L4
 CHARMM>    patch 14BB   GLY 3  GLY 4  setup warn
 ATOM  GLY      3        BNAG     HO4      AND ALL REFERENCES TO IT DELETED.
 ATOM  GLY      4        BNAM     HO1      AND ALL REFERENCES TO IT DELETED.
 ATOM  GLY      4        BNAM     O1       AND ALL REFERENCES TO IT DELETED.

 Message from MAPIC: Atom numbers are changed.
 DELTIC:         3 bonds deleted
 DELTIC:         5 angles deleted
 DELTIC:        10 dihedrals deleted
 AUTGEN: Autogenerating specified angles and dihedrals.
 AUTOGEN:  4194 angles are removed before regeneration for selected atoms.
 AUTOGEN:  5960 dihedrals are removed before regeneration for selected atoms.
 PATCH: Check angles and dihedrals autogenerated.
 PSFSUM> PSF modified: NONBOND lists and IMAGE atoms cleared.
 PSFSUM> Summary of the structure file counters :
         Number of segments      =       17   Number of residues   =       97
         Number of atoms         =     2352   Number of groups     =      650
         Number of bonds         =     2339   Number of angles     =     4198
         Number of dihedrals     =     5970   Number of impropers  =      242
         Number of cross-terms   =       32   Number of autogens   =        0
         Number of HB acceptors  =      128   Number of HB donors  =      128
         Number of NB exclusions =        0   Total charge =  -49.00000
  
 CHARMM>    patch 14BB   GLY 4  GLY 5  setup warn
 ATOM  GLY      4        BNAM     HO4      AND ALL REFERENCES TO IT DELETED.
 ATOM  GLY      5        BNAG     HO1      AND ALL REFERENCES TO IT DELETED.
 ATOM  GLY      5        BNAG     O1       AND ALL REFERENCES TO IT DELETED.

 Message from MAPIC: Atom numbers are changed.
 DELTIC:         3 bonds deleted
 DELTIC:         5 angles deleted
 DELTIC:        10 dihedrals deleted
 AUTGEN: Autogenerating specified angles and dihedrals.
 AUTOGEN:  4193 angles are removed before regeneration for selected atoms.
 AUTOGEN:  5960 dihedrals are removed before regeneration for selected atoms.
 PATCH: Check angles and dihedrals autogenerated.
 PSFSUM> PSF modified: NONBOND lists and IMAGE atoms cleared.
 PSFSUM> Summary of the structure file counters :
         Number of segments      =       17   Number of residues   =       97
         Number of atoms         =     2349   Number of groups     =      650
         Number of bonds         =     2337   Number of angles     =     4197
         Number of dihedrals     =     5970   Number of impropers  =      242
         Number of cross-terms   =       32   Number of autogens   =        0
         Number of HB acceptors  =      128   Number of HB donors  =      128
         Number of NB exclusions =        0   Total charge =  -49.00000
  
 CHARMM>    patch 3BMDPx GLY 4  PA02 1  setup warn
 ATOM  GLY      4        BNAM     O32      AND ALL REFERENCES TO IT DELETED.

 Message from MAPIC: Atom numbers are changed.
 DELTIC:         1 bonds deleted
 DELTIC:         2 angles deleted
 DELTIC:         3 dihedrals deleted
 AUTGEN: Autogenerating specified angles and dihedrals.
 AUTOGEN:  4195 angles are removed before regeneration for selected atoms.
 AUTOGEN:  5967 dihedrals are removed before regeneration for selected atoms.
 PATCH: Check angles and dihedrals autogenerated.
 PSFSUM> PSF modified: NONBOND lists and IMAGE atoms cleared.
 PSFSUM> Summary of the structure file counters :
         Number of segments      =       17   Number of residues   =       97
         Number of atoms         =     2348   Number of groups     =      652
         Number of bonds         =     2337   Number of angles     =     4199
         Number of dihedrals     =     5977   Number of impropers  =      244
         Number of cross-terms   =       32   Number of autogens   =        0
         Number of HB acceptors  =      128   Number of HB donors  =      128
         Number of NB exclusions =        0   Total charge =  -48.00000
  
 CHARMM>     
  
 CHARMM>    ! Apply patches for L6
 CHARMM>    patch 14BB   GLY 5  GLY 6  setup warn
 ATOM  GLY      5        BNAG     HO4      AND ALL REFERENCES TO IT DELETED.
 ATOM  GLY      6        BNAM     HO1      AND ALL REFERENCES TO IT DELETED.
 ATOM  GLY      6        BNAM     O1       AND ALL REFERENCES TO IT DELETED.

 Message from MAPIC: Atom numbers are changed.
 DELTIC:         3 bonds deleted
 DELTIC:         5 angles deleted
 DELTIC:        10 dihedrals deleted
 AUTGEN: Autogenerating specified angles and dihedrals.
 AUTOGEN:  4194 angles are removed before regeneration for selected atoms.
 AUTOGEN:  5967 dihedrals are removed before regeneration for selected atoms.
 PATCH: Check angles and dihedrals autogenerated.
 PSFSUM> PSF modified: NONBOND lists and IMAGE atoms cleared.
 PSFSUM> Summary of the structure file counters :
         Number of segments      =       17   Number of residues   =       97
         Number of atoms         =     2345   Number of groups     =      652
         Number of bonds         =     2335   Number of angles     =     4198
         Number of dihedrals     =     5977   Number of impropers  =      244
         Number of cross-terms   =       32   Number of autogens   =        0
         Number of HB acceptors  =      128   Number of HB donors  =      128
         Number of NB exclusions =        0   Total charge =  -48.00000
  
 CHARMM>    patch 14BB   GLY 6  GLY 7  setup warn
 ATOM  GLY      6        BNAM     HO4      AND ALL REFERENCES TO IT DELETED.
 ATOM  GLY      7        BNAG     HO1      AND ALL REFERENCES TO IT DELETED.
 ATOM  GLY      7        BNAG     O1       AND ALL REFERENCES TO IT DELETED.

 Message from MAPIC: Atom numbers are changed.
 DELTIC:         3 bonds deleted
 DELTIC:         5 angles deleted
 DELTIC:        10 dihedrals deleted
 AUTGEN: Autogenerating specified angles and dihedrals.
 AUTOGEN:  4193 angles are removed before regeneration for selected atoms.
 AUTOGEN:  5967 dihedrals are removed before regeneration for selected atoms.
 PATCH: Check angles and dihedrals autogenerated.
 PSFSUM> PSF modified: NONBOND lists and IMAGE atoms cleared.
 PSFSUM> Summary of the structure file counters :
         Number of segments      =       17   Number of residues   =       97
         Number of atoms         =     2342   Number of groups     =      652
         Number of bonds         =     2333   Number of angles     =     4197
         Number of dihedrals     =     5977   Number of impropers  =      244
         Number of cross-terms   =       32   Number of autogens   =        0
         Number of HB acceptors  =      128   Number of HB donors  =      128
         Number of NB exclusions =        0   Total charge =  -48.00000
  
 CHARMM>    patch 3BMDPx GLY 6  PA03 1  setup warn
 ATOM  GLY      6        BNAM     O32      AND ALL REFERENCES TO IT DELETED.

 Message from MAPIC: Atom numbers are changed.
 DELTIC:         1 bonds deleted
 DELTIC:         2 angles deleted
 DELTIC:         3 dihedrals deleted
 AUTGEN: Autogenerating specified angles and dihedrals.
 AUTOGEN:  4195 angles are removed before regeneration for selected atoms.
 AUTOGEN:  5974 dihedrals are removed before regeneration for selected atoms.
 PATCH: Check angles and dihedrals autogenerated.
 PSFSUM> PSF modified: NONBOND lists and IMAGE atoms cleared.
 PSFSUM> Summary of the structure file counters :
         Number of segments      =       17   Number of residues   =       97
         Number of atoms         =     2341   Number of groups     =      654
         Number of bonds         =     2333   Number of angles     =     4199
         Number of dihedrals     =     5984   Number of impropers  =      246
         Number of cross-terms   =       32   Number of autogens   =        0
         Number of HB acceptors  =      128   Number of HB donors  =      128
         Number of NB exclusions =        0   Total charge =  -47.00000
  
 CHARMM>     
  
 CHARMM>    ! Apply patches for L8
 CHARMM>    patch 14BB   GLY 7  GLY 8  setup warn
 ATOM  GLY      7        BNAG     HO4      AND ALL REFERENCES TO IT DELETED.
 ATOM  GLY      8        BNAM     HO1      AND ALL REFERENCES TO IT DELETED.
 ATOM  GLY      8        BNAM     O1       AND ALL REFERENCES TO IT DELETED.

 Message from MAPIC: Atom numbers are changed.
 DELTIC:         3 bonds deleted
 DELTIC:         5 angles deleted
 DELTIC:        10 dihedrals deleted
 AUTGEN: Autogenerating specified angles and dihedrals.
 AUTOGEN:  4194 angles are removed before regeneration for selected atoms.
 AUTOGEN:  5974 dihedrals are removed before regeneration for selected atoms.
 PATCH: Check angles and dihedrals autogenerated.
 PSFSUM> PSF modified: NONBOND lists and IMAGE atoms cleared.
 PSFSUM> Summary of the structure file counters :
         Number of segments      =       17   Number of residues   =       97
         Number of atoms         =     2338   Number of groups     =      654
         Number of bonds         =     2331   Number of angles     =     4198
         Number of dihedrals     =     5984   Number of impropers  =      246
         Number of cross-terms   =       32   Number of autogens   =        0
         Number of HB acceptors  =      128   Number of HB donors  =      128
         Number of NB exclusions =        0   Total charge =  -47.00000
  
 CHARMM>    patch 14BB   GLY 8  GLY 9  setup warn
 ATOM  GLY      8        BNAM     HO4      AND ALL REFERENCES TO IT DELETED.
 ATOM  GLY      9        BNAG     HO1      AND ALL REFERENCES TO IT DELETED.
 ATOM  GLY      9        BNAG     O1       AND ALL REFERENCES TO IT DELETED.

 Message from MAPIC: Atom numbers are changed.
 DELTIC:         3 bonds deleted
 DELTIC:         5 angles deleted
 DELTIC:        10 dihedrals deleted
 AUTGEN: Autogenerating specified angles and dihedrals.
 AUTOGEN:  4193 angles are removed before regeneration for selected atoms.
 AUTOGEN:  5974 dihedrals are removed before regeneration for selected atoms.
 PATCH: Check angles and dihedrals autogenerated.
 PSFSUM> PSF modified: NONBOND lists and IMAGE atoms cleared.
 PSFSUM> Summary of the structure file counters :
         Number of segments      =       17   Number of residues   =       97
         Number of atoms         =     2335   Number of groups     =      654
         Number of bonds         =     2329   Number of angles     =     4197
         Number of dihedrals     =     5984   Number of impropers  =      246
         Number of cross-terms   =       32   Number of autogens   =        0
         Number of HB acceptors  =      128   Number of HB donors  =      128
         Number of NB exclusions =        0   Total charge =  -47.00000
  
 CHARMM>    patch 3BMDPx GLY 8  PA04 1  setup warn
 ATOM  GLY      8        BNAM     O32      AND ALL REFERENCES TO IT DELETED.

 Message from MAPIC: Atom numbers are changed.
 DELTIC:         1 bonds deleted
 DELTIC:         2 angles deleted
 DELTIC:         3 dihedrals deleted
 AUTGEN: Autogenerating specified angles and dihedrals.
 AUTOGEN:  4195 angles are removed before regeneration for selected atoms.
 AUTOGEN:  5981 dihedrals are removed before regeneration for selected atoms.
 PATCH: Check angles and dihedrals autogenerated.
 PSFSUM> PSF modified: NONBOND lists and IMAGE atoms cleared.
 PSFSUM> Summary of the structure file counters :
         Number of segments      =       17   Number of residues   =       97
         Number of atoms         =     2334   Number of groups     =      656
         Number of bonds         =     2329   Number of angles     =     4199
         Number of dihedrals     =     5991   Number of impropers  =      248
         Number of cross-terms   =       32   Number of autogens   =        0
         Number of HB acceptors  =      128   Number of HB donors  =      128
         Number of NB exclusions =        0   Total charge =  -46.00000
  
 CHARMM>     
  
 CHARMM>    ! Apply patches for L10
 CHARMM>    patch 14BB   GLY 9  GLY 10  setup warn
 ATOM  GLY      9        BNAG     HO4      AND ALL REFERENCES TO IT DELETED.
 ATOM  GLY      10       BNAM     HO1      AND ALL REFERENCES TO IT DELETED.
 ATOM  GLY      10       BNAM     O1       AND ALL REFERENCES TO IT DELETED.

 Message from MAPIC: Atom numbers are changed.
 DELTIC:         3 bonds deleted
 DELTIC:         5 angles deleted
 DELTIC:        10 dihedrals deleted
 AUTGEN: Autogenerating specified angles and dihedrals.
 AUTOGEN:  4194 angles are removed before regeneration for selected atoms.
 AUTOGEN:  5981 dihedrals are removed before regeneration for selected atoms.
 PATCH: Check angles and dihedrals autogenerated.
 PSFSUM> PSF modified: NONBOND lists and IMAGE atoms cleared.
 PSFSUM> Summary of the structure file counters :
         Number of segments      =       17   Number of residues   =       97
         Number of atoms         =     2331   Number of groups     =      656
         Number of bonds         =     2327   Number of angles     =     4198
         Number of dihedrals     =     5991   Number of impropers  =      248
         Number of cross-terms   =       32   Number of autogens   =        0
         Number of HB acceptors  =      128   Number of HB donors  =      128
         Number of NB exclusions =        0   Total charge =  -46.00000
  
 CHARMM>    patch 14BB   GLY 10  GLY 11  setup warn
 ATOM  GLY      10       BNAM     HO4      AND ALL REFERENCES TO IT DELETED.
 ATOM  GLY      11       BNAG     HO1      AND ALL REFERENCES TO IT DELETED.
 ATOM  GLY      11       BNAG     O1       AND ALL REFERENCES TO IT DELETED.

 Message from MAPIC: Atom numbers are changed.
 DELTIC:         3 bonds deleted
 DELTIC:         5 angles deleted
 DELTIC:        10 dihedrals deleted
 AUTGEN: Autogenerating specified angles and dihedrals.
 AUTOGEN:  4193 angles are removed before regeneration for selected atoms.
 AUTOGEN:  5981 dihedrals are removed before regeneration for selected atoms.
 PATCH: Check angles and dihedrals autogenerated.
 PSFSUM> PSF modified: NONBOND lists and IMAGE atoms cleared.
 PSFSUM> Summary of the structure file counters :
         Number of segments      =       17   Number of residues   =       97
         Number of atoms         =     2328   Number of groups     =      656
         Number of bonds         =     2325   Number of angles     =     4197
         Number of dihedrals     =     5991   Number of impropers  =      248
         Number of cross-terms   =       32   Number of autogens   =        0
         Number of HB acceptors  =      128   Number of HB donors  =      128
         Number of NB exclusions =        0   Total charge =  -46.00000
  
 CHARMM>    patch 3BMDPx GLY 10  PA05 1  setup warn
 ATOM  GLY      10       BNAM     O32      AND ALL REFERENCES TO IT DELETED.

 Message from MAPIC: Atom numbers are changed.
 DELTIC:         1 bonds deleted
 DELTIC:         2 angles deleted
 DELTIC:         3 dihedrals deleted
 AUTGEN: Autogenerating specified angles and dihedrals.
 AUTOGEN:  4195 angles are removed before regeneration for selected atoms.
 AUTOGEN:  5988 dihedrals are removed before regeneration for selected atoms.
 PATCH: Check angles and dihedrals autogenerated.
 PSFSUM> PSF modified: NONBOND lists and IMAGE atoms cleared.
 PSFSUM> Summary of the structure file counters :
         Number of segments      =       17   Number of residues   =       97
         Number of atoms         =     2327   Number of groups     =      658
         Number of bonds         =     2325   Number of angles     =     4199
         Number of dihedrals     =     5998   Number of impropers  =      250
         Number of cross-terms   =       32   Number of autogens   =        0
         Number of HB acceptors  =      128   Number of HB donors  =      128
         Number of NB exclusions =        0   Total charge =  -45.00000
  
 CHARMM>     
  
 CHARMM>    ! Apply patches for L12
 CHARMM>    patch 14BB   GLY 11  GLY 12  setup warn
 ATOM  GLY      11       BNAG     HO4      AND ALL REFERENCES TO IT DELETED.
 ATOM  GLY      12       BNAM     HO1      AND ALL REFERENCES TO IT DELETED.
 ATOM  GLY      12       BNAM     O1       AND ALL REFERENCES TO IT DELETED.

 Message from MAPIC: Atom numbers are changed.
 DELTIC:         3 bonds deleted
 DELTIC:         5 angles deleted
 DELTIC:        10 dihedrals deleted
 AUTGEN: Autogenerating specified angles and dihedrals.
 AUTOGEN:  4194 angles are removed before regeneration for selected atoms.
 AUTOGEN:  5988 dihedrals are removed before regeneration for selected atoms.
 PATCH: Check angles and dihedrals autogenerated.
 PSFSUM> PSF modified: NONBOND lists and IMAGE atoms cleared.
 PSFSUM> Summary of the structure file counters :
         Number of segments      =       17   Number of residues   =       97
         Number of atoms         =     2324   Number of groups     =      658
         Number of bonds         =     2323   Number of angles     =     4198
         Number of dihedrals     =     5998   Number of impropers  =      250
         Number of cross-terms   =       32   Number of autogens   =        0
         Number of HB acceptors  =      128   Number of HB donors  =      128
         Number of NB exclusions =        0   Total charge =  -45.00000
  
 CHARMM>    patch 14BB   GLY 12  GLY 13  setup warn
 ATOM  GLY      12       BNAM     HO4      AND ALL REFERENCES TO IT DELETED.
 ATOM  GLY      13       BNAG     HO1      AND ALL REFERENCES TO IT DELETED.
 ATOM  GLY      13       BNAG     O1       AND ALL REFERENCES TO IT DELETED.

 Message from MAPIC: Atom numbers are changed.
 DELTIC:         3 bonds deleted
 DELTIC:         5 angles deleted
 DELTIC:        10 dihedrals deleted
 AUTGEN: Autogenerating specified angles and dihedrals.
 AUTOGEN:  4193 angles are removed before regeneration for selected atoms.
 AUTOGEN:  5988 dihedrals are removed before regeneration for selected atoms.
 PATCH: Check angles and dihedrals autogenerated.
 PSFSUM> PSF modified: NONBOND lists and IMAGE atoms cleared.
 PSFSUM> Summary of the structure file counters :
         Number of segments      =       17   Number of residues   =       97
         Number of atoms         =     2321   Number of groups     =      658
         Number of bonds         =     2321   Number of angles     =     4197
         Number of dihedrals     =     5998   Number of impropers  =      250
         Number of cross-terms   =       32   Number of autogens   =        0
         Number of HB acceptors  =      128   Number of HB donors  =      128
         Number of NB exclusions =        0   Total charge =  -45.00000
  
 CHARMM>    patch 3BMDPx GLY 12  PA06 1  setup warn
 ATOM  GLY      12       BNAM     O32      AND ALL REFERENCES TO IT DELETED.

 Message from MAPIC: Atom numbers are changed.
 DELTIC:         1 bonds deleted
 DELTIC:         2 angles deleted
 DELTIC:         3 dihedrals deleted
 AUTGEN: Autogenerating specified angles and dihedrals.
 AUTOGEN:  4195 angles are removed before regeneration for selected atoms.
 AUTOGEN:  5995 dihedrals are removed before regeneration for selected atoms.
 PATCH: Check angles and dihedrals autogenerated.
 PSFSUM> PSF modified: NONBOND lists and IMAGE atoms cleared.
 PSFSUM> Summary of the structure file counters :
         Number of segments      =       17   Number of residues   =       97
         Number of atoms         =     2320   Number of groups     =      660
         Number of bonds         =     2321   Number of angles     =     4199
         Number of dihedrals     =     6005   Number of impropers  =      252
         Number of cross-terms   =       32   Number of autogens   =        0
         Number of HB acceptors  =      128   Number of HB donors  =      128
         Number of NB exclusions =        0   Total charge =  -44.00000
  
 CHARMM>     
  
 CHARMM>    ! Apply patches for L14
 CHARMM>    patch 14BB   GLY 13  GLY 14  setup warn
 ATOM  GLY      13       BNAG     HO4      AND ALL REFERENCES TO IT DELETED.
 ATOM  GLY      14       BNAM     HO1      AND ALL REFERENCES TO IT DELETED.
 ATOM  GLY      14       BNAM     O1       AND ALL REFERENCES TO IT DELETED.

 Message from MAPIC: Atom numbers are changed.
 DELTIC:         3 bonds deleted
 DELTIC:         5 angles deleted
 DELTIC:        10 dihedrals deleted
 AUTGEN: Autogenerating specified angles and dihedrals.
 AUTOGEN:  4194 angles are removed before regeneration for selected atoms.
 AUTOGEN:  5995 dihedrals are removed before regeneration for selected atoms.
 PATCH: Check angles and dihedrals autogenerated.
 PSFSUM> PSF modified: NONBOND lists and IMAGE atoms cleared.
 PSFSUM> Summary of the structure file counters :
         Number of segments      =       17   Number of residues   =       97
         Number of atoms         =     2317   Number of groups     =      660
         Number of bonds         =     2319   Number of angles     =     4198
         Number of dihedrals     =     6005   Number of impropers  =      252
         Number of cross-terms   =       32   Number of autogens   =        0
         Number of HB acceptors  =      128   Number of HB donors  =      128
         Number of NB exclusions =        0   Total charge =  -44.00000
  
 CHARMM>    patch 14BB   GLY 14  GLY 15  setup warn
 ATOM  GLY      14       BNAM     HO4      AND ALL REFERENCES TO IT DELETED.
 ATOM  GLY      15       BNAG     HO1      AND ALL REFERENCES TO IT DELETED.
 ATOM  GLY      15       BNAG     O1       AND ALL REFERENCES TO IT DELETED.

 Message from MAPIC: Atom numbers are changed.
 DELTIC:         3 bonds deleted
 DELTIC:         5 angles deleted
 DELTIC:        10 dihedrals deleted
 AUTGEN: Autogenerating specified angles and dihedrals.
 AUTOGEN:  4193 angles are removed before regeneration for selected atoms.
 AUTOGEN:  5995 dihedrals are removed before regeneration for selected atoms.
 PATCH: Check angles and dihedrals autogenerated.
 PSFSUM> PSF modified: NONBOND lists and IMAGE atoms cleared.
 PSFSUM> Summary of the structure file counters :
         Number of segments      =       17   Number of residues   =       97
         Number of atoms         =     2314   Number of groups     =      660
         Number of bonds         =     2317   Number of angles     =     4197
         Number of dihedrals     =     6005   Number of impropers  =      252
         Number of cross-terms   =       32   Number of autogens   =        0
         Number of HB acceptors  =      128   Number of HB donors  =      128
         Number of NB exclusions =        0   Total charge =  -44.00000
  
 CHARMM>    patch 3BMDPx GLY 14  PA07 1  setup warn
 ATOM  GLY      14       BNAM     O32      AND ALL REFERENCES TO IT DELETED.

 Message from MAPIC: Atom numbers are changed.
 DELTIC:         1 bonds deleted
 DELTIC:         2 angles deleted
 DELTIC:         3 dihedrals deleted
 AUTGEN: Autogenerating specified angles and dihedrals.
 AUTOGEN:  4195 angles are removed before regeneration for selected atoms.
 AUTOGEN:  6002 dihedrals are removed before regeneration for selected atoms.
 PATCH: Check angles and dihedrals autogenerated.
 PSFSUM> PSF modified: NONBOND lists and IMAGE atoms cleared.
 PSFSUM> Summary of the structure file counters :
         Number of segments      =       17   Number of residues   =       97
         Number of atoms         =     2313   Number of groups     =      662
         Number of bonds         =     2317   Number of angles     =     4199
         Number of dihedrals     =     6012   Number of impropers  =      254
         Number of cross-terms   =       32   Number of autogens   =        0
         Number of HB acceptors  =      128   Number of HB donors  =      128
         Number of NB exclusions =        0   Total charge =  -43.00000
  
 CHARMM>     
  
 CHARMM>    ! Apply patches for L16
 CHARMM>    patch 14BB   GLY 15  GLY 16  setup warn
 ATOM  GLY      15       BNAG     HO4      AND ALL REFERENCES TO IT DELETED.
 ATOM  GLY      16       BNAM     HO1      AND ALL REFERENCES TO IT DELETED.
 ATOM  GLY      16       BNAM     O1       AND ALL REFERENCES TO IT DELETED.

 Message from MAPIC: Atom numbers are changed.
 DELTIC:         3 bonds deleted
 DELTIC:         5 angles deleted
 DELTIC:        10 dihedrals deleted
 AUTGEN: Autogenerating specified angles and dihedrals.
 AUTOGEN:  4194 angles are removed before regeneration for selected atoms.
 AUTOGEN:  6002 dihedrals are removed before regeneration for selected atoms.
 PATCH: Check angles and dihedrals autogenerated.
 PSFSUM> PSF modified: NONBOND lists and IMAGE atoms cleared.
 PSFSUM> Summary of the structure file counters :
         Number of segments      =       17   Number of residues   =       97
         Number of atoms         =     2310   Number of groups     =      662
         Number of bonds         =     2315   Number of angles     =     4198
         Number of dihedrals     =     6012   Number of impropers  =      254
         Number of cross-terms   =       32   Number of autogens   =        0
         Number of HB acceptors  =      128   Number of HB donors  =      128
         Number of NB exclusions =        0   Total charge =  -43.00000
  
 CHARMM>    patch 14BB   GLY 16  GLY 17  setup warn
 ATOM  GLY      16       BNAM     HO4      AND ALL REFERENCES TO IT DELETED.
 ATOM  GLY      17       BNAG     HO1      AND ALL REFERENCES TO IT DELETED.
 ATOM  GLY      17       BNAG     O1       AND ALL REFERENCES TO IT DELETED.

 Message from MAPIC: Atom numbers are changed.
 DELTIC:         3 bonds deleted
 DELTIC:         5 angles deleted
 DELTIC:        10 dihedrals deleted
 AUTGEN: Autogenerating specified angles and dihedrals.
 AUTOGEN:  4193 angles are removed before regeneration for selected atoms.
 AUTOGEN:  6002 dihedrals are removed before regeneration for selected atoms.
 PATCH: Check angles and dihedrals autogenerated.
 PSFSUM> PSF modified: NONBOND lists and IMAGE atoms cleared.
 PSFSUM> Summary of the structure file counters :
         Number of segments      =       17   Number of residues   =       97
         Number of atoms         =     2307   Number of groups     =      662
         Number of bonds         =     2313   Number of angles     =     4197
         Number of dihedrals     =     6012   Number of impropers  =      254
         Number of cross-terms   =       32   Number of autogens   =        0
         Number of HB acceptors  =      128   Number of HB donors  =      128
         Number of NB exclusions =        0   Total charge =  -43.00000
  
 CHARMM>    patch 3BMDPx GLY 16  PA08 1  setup warn
 ATOM  GLY      16       BNAM     O32      AND ALL REFERENCES TO IT DELETED.

 Message from MAPIC: Atom numbers are changed.
 DELTIC:         1 bonds deleted
 DELTIC:         2 angles deleted
 DELTIC:         3 dihedrals deleted
 AUTGEN: Autogenerating specified angles and dihedrals.
 AUTOGEN:  4195 angles are removed before regeneration for selected atoms.
 AUTOGEN:  6009 dihedrals are removed before regeneration for selected atoms.
 PATCH: Check angles and dihedrals autogenerated.
 PSFSUM> PSF modified: NONBOND lists and IMAGE atoms cleared.
 PSFSUM> Summary of the structure file counters :
         Number of segments      =       17   Number of residues   =       97
         Number of atoms         =     2306   Number of groups     =      664
         Number of bonds         =     2313   Number of angles     =     4199
         Number of dihedrals     =     6019   Number of impropers  =      256
         Number of cross-terms   =       32   Number of autogens   =        0
         Number of HB acceptors  =      128   Number of HB donors  =      128
         Number of NB exclusions =        0   Total charge =  -42.00000
  
 CHARMM>     
  
 CHARMM>    ! Apply patches for L18
 CHARMM>    patch 14BB   GLY 17  GLY 18  setup warn
 ATOM  GLY      17       BNAG     HO4      AND ALL REFERENCES TO IT DELETED.
 ATOM  GLY      18       BNAM     HO1      AND ALL REFERENCES TO IT DELETED.
 ATOM  GLY      18       BNAM     O1       AND ALL REFERENCES TO IT DELETED.

 Message from MAPIC: Atom numbers are changed.
 DELTIC:         3 bonds deleted
 DELTIC:         5 angles deleted
 DELTIC:        10 dihedrals deleted
 AUTGEN: Autogenerating specified angles and dihedrals.
 AUTOGEN:  4194 angles are removed before regeneration for selected atoms.
 AUTOGEN:  6009 dihedrals are removed before regeneration for selected atoms.
 PATCH: Check angles and dihedrals autogenerated.
 PSFSUM> PSF modified: NONBOND lists and IMAGE atoms cleared.
 PSFSUM> Summary of the structure file counters :
         Number of segments      =       17   Number of residues   =       97
         Number of atoms         =     2303   Number of groups     =      664
         Number of bonds         =     2311   Number of angles     =     4198
         Number of dihedrals     =     6019   Number of impropers  =      256
         Number of cross-terms   =       32   Number of autogens   =        0
         Number of HB acceptors  =      128   Number of HB donors  =      128
         Number of NB exclusions =        0   Total charge =  -42.00000
  
 CHARMM>    patch 14BB   GLY 18  GLY 19  setup warn
 ATOM  GLY      18       BNAM     HO4      AND ALL REFERENCES TO IT DELETED.
 ATOM  GLY      19       BNAG     HO1      AND ALL REFERENCES TO IT DELETED.
 ATOM  GLY      19       BNAG     O1       AND ALL REFERENCES TO IT DELETED.

 Message from MAPIC: Atom numbers are changed.
 DELTIC:         3 bonds deleted
 DELTIC:         5 angles deleted
 DELTIC:        10 dihedrals deleted
 AUTGEN: Autogenerating specified angles and dihedrals.
 AUTOGEN:  4193 angles are removed before regeneration for selected atoms.
 AUTOGEN:  6009 dihedrals are removed before regeneration for selected atoms.
 PATCH: Check angles and dihedrals autogenerated.
 PSFSUM> PSF modified: NONBOND lists and IMAGE atoms cleared.
 PSFSUM> Summary of the structure file counters :
         Number of segments      =       17   Number of residues   =       97
         Number of atoms         =     2300   Number of groups     =      664
         Number of bonds         =     2309   Number of angles     =     4197
         Number of dihedrals     =     6019   Number of impropers  =      256
         Number of cross-terms   =       32   Number of autogens   =        0
         Number of HB acceptors  =      128   Number of HB donors  =      128
         Number of NB exclusions =        0   Total charge =  -42.00000
  
 CHARMM>    patch 3BMDPx GLY 18  PA09 1  setup warn
 ATOM  GLY      18       BNAM     O32      AND ALL REFERENCES TO IT DELETED.

 Message from MAPIC: Atom numbers are changed.
 DELTIC:         1 bonds deleted
 DELTIC:         2 angles deleted
 DELTIC:         3 dihedrals deleted
 AUTGEN: Autogenerating specified angles and dihedrals.
 AUTOGEN:  4195 angles are removed before regeneration for selected atoms.
 AUTOGEN:  6016 dihedrals are removed before regeneration for selected atoms.
 PATCH: Check angles and dihedrals autogenerated.
 PSFSUM> PSF modified: NONBOND lists and IMAGE atoms cleared.
 PSFSUM> Summary of the structure file counters :
         Number of segments      =       17   Number of residues   =       97
         Number of atoms         =     2299   Number of groups     =      666
         Number of bonds         =     2309   Number of angles     =     4199
         Number of dihedrals     =     6026   Number of impropers  =      258
         Number of cross-terms   =       32   Number of autogens   =        0
         Number of HB acceptors  =      128   Number of HB donors  =      128
         Number of NB exclusions =        0   Total charge =  -41.00000
  
 CHARMM>     
  
 CHARMM>    ! Apply patches for L20
 CHARMM>    patch 14BB   GLY 19  GLY 20  setup warn
 ATOM  GLY      19       BNAG     HO4      AND ALL REFERENCES TO IT DELETED.
 ATOM  GLY      20       BNAM     HO1      AND ALL REFERENCES TO IT DELETED.
 ATOM  GLY      20       BNAM     O1       AND ALL REFERENCES TO IT DELETED.

 Message from MAPIC: Atom numbers are changed.
 DELTIC:         3 bonds deleted
 DELTIC:         5 angles deleted
 DELTIC:        10 dihedrals deleted
 AUTGEN: Autogenerating specified angles and dihedrals.
 AUTOGEN:  4194 angles are removed before regeneration for selected atoms.
 AUTOGEN:  6016 dihedrals are removed before regeneration for selected atoms.
 PATCH: Check angles and dihedrals autogenerated.
 PSFSUM> PSF modified: NONBOND lists and IMAGE atoms cleared.
 PSFSUM> Summary of the structure file counters :
         Number of segments      =       17   Number of residues   =       97
         Number of atoms         =     2296   Number of groups     =      666
         Number of bonds         =     2307   Number of angles     =     4198
         Number of dihedrals     =     6026   Number of impropers  =      258
         Number of cross-terms   =       32   Number of autogens   =        0
         Number of HB acceptors  =      128   Number of HB donors  =      128
         Number of NB exclusions =        0   Total charge =  -41.00000
  
 CHARMM>    patch 14BB   GLY 20  GLY 21  setup warn
 ATOM  GLY      20       BNAM     HO4      AND ALL REFERENCES TO IT DELETED.
 ATOM  GLY      21       BNAG     HO1      AND ALL REFERENCES TO IT DELETED.
 ATOM  GLY      21       BNAG     O1       AND ALL REFERENCES TO IT DELETED.

 Message from MAPIC: Atom numbers are changed.
 DELTIC:         3 bonds deleted
 DELTIC:         5 angles deleted
 DELTIC:        10 dihedrals deleted
 AUTGEN: Autogenerating specified angles and dihedrals.
 AUTOGEN:  4193 angles are removed before regeneration for selected atoms.
 AUTOGEN:  6016 dihedrals are removed before regeneration for selected atoms.
 PATCH: Check angles and dihedrals autogenerated.
 PSFSUM> PSF modified: NONBOND lists and IMAGE atoms cleared.
 PSFSUM> Summary of the structure file counters :
         Number of segments      =       17   Number of residues   =       97
         Number of atoms         =     2293   Number of groups     =      666
         Number of bonds         =     2305   Number of angles     =     4197
         Number of dihedrals     =     6026   Number of impropers  =      258
         Number of cross-terms   =       32   Number of autogens   =        0
         Number of HB acceptors  =      128   Number of HB donors  =      128
         Number of NB exclusions =        0   Total charge =  -41.00000
  
 CHARMM>    patch 3BMDPx GLY 20  PA10 1  setup warn
 ATOM  GLY      20       BNAM     O32      AND ALL REFERENCES TO IT DELETED.

 Message from MAPIC: Atom numbers are changed.
 DELTIC:         1 bonds deleted
 DELTIC:         2 angles deleted
 DELTIC:         3 dihedrals deleted
 AUTGEN: Autogenerating specified angles and dihedrals.
 AUTOGEN:  4195 angles are removed before regeneration for selected atoms.
 AUTOGEN:  6023 dihedrals are removed before regeneration for selected atoms.
 PATCH: Check angles and dihedrals autogenerated.
 PSFSUM> PSF modified: NONBOND lists and IMAGE atoms cleared.
 PSFSUM> Summary of the structure file counters :
         Number of segments      =       17   Number of residues   =       97
         Number of atoms         =     2292   Number of groups     =      668
         Number of bonds         =     2305   Number of angles     =     4199
         Number of dihedrals     =     6033   Number of impropers  =      260
         Number of cross-terms   =       32   Number of autogens   =        0
         Number of HB acceptors  =      128   Number of HB donors  =      128
         Number of NB exclusions =        0   Total charge =  -40.00000
  
 CHARMM>     
  
 CHARMM>    ! Apply patches for L22
 CHARMM>    patch 14BB   GLY 21  GLY 22  setup warn
 ATOM  GLY      21       BNAG     HO4      AND ALL REFERENCES TO IT DELETED.
 ATOM  GLY      22       BNAM     HO1      AND ALL REFERENCES TO IT DELETED.
 ATOM  GLY      22       BNAM     O1       AND ALL REFERENCES TO IT DELETED.

 Message from MAPIC: Atom numbers are changed.
 DELTIC:         3 bonds deleted
 DELTIC:         5 angles deleted
 DELTIC:        10 dihedrals deleted
 AUTGEN: Autogenerating specified angles and dihedrals.
 AUTOGEN:  4194 angles are removed before regeneration for selected atoms.
 AUTOGEN:  6023 dihedrals are removed before regeneration for selected atoms.
 PATCH: Check angles and dihedrals autogenerated.
 PSFSUM> PSF modified: NONBOND lists and IMAGE atoms cleared.
 PSFSUM> Summary of the structure file counters :
         Number of segments      =       17   Number of residues   =       97
         Number of atoms         =     2289   Number of groups     =      668
         Number of bonds         =     2303   Number of angles     =     4198
         Number of dihedrals     =     6033   Number of impropers  =      260
         Number of cross-terms   =       32   Number of autogens   =        0
         Number of HB acceptors  =      128   Number of HB donors  =      128
         Number of NB exclusions =        0   Total charge =  -40.00000
  
 CHARMM>    patch 14BB   GLY 22  GLY 23  setup warn
 ATOM  GLY      22       BNAM     HO4      AND ALL REFERENCES TO IT DELETED.
 ATOM  GLY      23       BNAG     HO1      AND ALL REFERENCES TO IT DELETED.
 ATOM  GLY      23       BNAG     O1       AND ALL REFERENCES TO IT DELETED.

 Message from MAPIC: Atom numbers are changed.
 DELTIC:         3 bonds deleted
 DELTIC:         5 angles deleted
 DELTIC:        10 dihedrals deleted
 AUTGEN: Autogenerating specified angles and dihedrals.
 AUTOGEN:  4193 angles are removed before regeneration for selected atoms.
 AUTOGEN:  6023 dihedrals are removed before regeneration for selected atoms.
 PATCH: Check angles and dihedrals autogenerated.
 PSFSUM> PSF modified: NONBOND lists and IMAGE atoms cleared.
 PSFSUM> Summary of the structure file counters :
         Number of segments      =       17   Number of residues   =       97
         Number of atoms         =     2286   Number of groups     =      668
         Number of bonds         =     2301   Number of angles     =     4197
         Number of dihedrals     =     6033   Number of impropers  =      260
         Number of cross-terms   =       32   Number of autogens   =        0
         Number of HB acceptors  =      128   Number of HB donors  =      128
         Number of NB exclusions =        0   Total charge =  -40.00000
  
 CHARMM>    patch 3BMDPx GLY 22  PA11 1  setup warn
 ATOM  GLY      22       BNAM     O32      AND ALL REFERENCES TO IT DELETED.

 Message from MAPIC: Atom numbers are changed.
 DELTIC:         1 bonds deleted
 DELTIC:         2 angles deleted
 DELTIC:         3 dihedrals deleted
 AUTGEN: Autogenerating specified angles and dihedrals.
 AUTOGEN:  4195 angles are removed before regeneration for selected atoms.
 AUTOGEN:  6030 dihedrals are removed before regeneration for selected atoms.
 PATCH: Check angles and dihedrals autogenerated.
 PSFSUM> PSF modified: NONBOND lists and IMAGE atoms cleared.
 PSFSUM> Summary of the structure file counters :
         Number of segments      =       17   Number of residues   =       97
         Number of atoms         =     2285   Number of groups     =      670
         Number of bonds         =     2301   Number of angles     =     4199
         Number of dihedrals     =     6040   Number of impropers  =      262
         Number of cross-terms   =       32   Number of autogens   =        0
         Number of HB acceptors  =      128   Number of HB donors  =      128
         Number of NB exclusions =        0   Total charge =  -39.00000
  
 CHARMM>     
  
 CHARMM>    ! Apply patches for L24
 CHARMM>    patch 14BB   GLY 23  GLY 24  setup warn
 ATOM  GLY      23       BNAG     HO4      AND ALL REFERENCES TO IT DELETED.
 ATOM  GLY      24       BNAM     HO1      AND ALL REFERENCES TO IT DELETED.
 ATOM  GLY      24       BNAM     O1       AND ALL REFERENCES TO IT DELETED.

 Message from MAPIC: Atom numbers are changed.
 DELTIC:         3 bonds deleted
 DELTIC:         5 angles deleted
 DELTIC:        10 dihedrals deleted
 AUTGEN: Autogenerating specified angles and dihedrals.
 AUTOGEN:  4194 angles are removed before regeneration for selected atoms.
 AUTOGEN:  6030 dihedrals are removed before regeneration for selected atoms.
 PATCH: Check angles and dihedrals autogenerated.
 PSFSUM> PSF modified: NONBOND lists and IMAGE atoms cleared.
 PSFSUM> Summary of the structure file counters :
         Number of segments      =       17   Number of residues   =       97
         Number of atoms         =     2282   Number of groups     =      670
         Number of bonds         =     2299   Number of angles     =     4198
         Number of dihedrals     =     6040   Number of impropers  =      262
         Number of cross-terms   =       32   Number of autogens   =        0
         Number of HB acceptors  =      128   Number of HB donors  =      128
         Number of NB exclusions =        0   Total charge =  -39.00000
  
 CHARMM>    patch 14BB   GLY 24  GLY 25  setup warn
 ATOM  GLY      24       BNAM     HO4      AND ALL REFERENCES TO IT DELETED.
 ATOM  GLY      25       BNAG     HO1      AND ALL REFERENCES TO IT DELETED.
 ATOM  GLY      25       BNAG     O1       AND ALL REFERENCES TO IT DELETED.

 Message from MAPIC: Atom numbers are changed.
 DELTIC:         3 bonds deleted
 DELTIC:         5 angles deleted
 DELTIC:        10 dihedrals deleted
 AUTGEN: Autogenerating specified angles and dihedrals.
 AUTOGEN:  4193 angles are removed before regeneration for selected atoms.
 AUTOGEN:  6030 dihedrals are removed before regeneration for selected atoms.
 PATCH: Check angles and dihedrals autogenerated.
 PSFSUM> PSF modified: NONBOND lists and IMAGE atoms cleared.
 PSFSUM> Summary of the structure file counters :
         Number of segments      =       17   Number of residues   =       97
         Number of atoms         =     2279   Number of groups     =      670
         Number of bonds         =     2297   Number of angles     =     4197
         Number of dihedrals     =     6040   Number of impropers  =      262
         Number of cross-terms   =       32   Number of autogens   =        0
         Number of HB acceptors  =      128   Number of HB donors  =      128
         Number of NB exclusions =        0   Total charge =  -39.00000
  
 CHARMM>    patch 3BMDPx GLY 24  PA12 1  setup warn
 ATOM  GLY      24       BNAM     O32      AND ALL REFERENCES TO IT DELETED.

 Message from MAPIC: Atom numbers are changed.
 DELTIC:         1 bonds deleted
 DELTIC:         2 angles deleted
 DELTIC:         3 dihedrals deleted
 AUTGEN: Autogenerating specified angles and dihedrals.
 AUTOGEN:  4195 angles are removed before regeneration for selected atoms.
 AUTOGEN:  6037 dihedrals are removed before regeneration for selected atoms.
 PATCH: Check angles and dihedrals autogenerated.
 PSFSUM> PSF modified: NONBOND lists and IMAGE atoms cleared.
 PSFSUM> Summary of the structure file counters :
         Number of segments      =       17   Number of residues   =       97
         Number of atoms         =     2278   Number of groups     =      672
         Number of bonds         =     2297   Number of angles     =     4199
         Number of dihedrals     =     6047   Number of impropers  =      264
         Number of cross-terms   =       32   Number of autogens   =        0
         Number of HB acceptors  =      128   Number of HB donors  =      128
         Number of NB exclusions =        0   Total charge =  -38.00000
  
 CHARMM>     
  
 CHARMM>    ! Apply patches for L26
 CHARMM>    patch 14BB   GLY 25  GLY 26  setup warn
 ATOM  GLY      25       BNAG     HO4      AND ALL REFERENCES TO IT DELETED.
 ATOM  GLY      26       BNAM     HO1      AND ALL REFERENCES TO IT DELETED.
 ATOM  GLY      26       BNAM     O1       AND ALL REFERENCES TO IT DELETED.

 Message from MAPIC: Atom numbers are changed.
 DELTIC:         3 bonds deleted
 DELTIC:         5 angles deleted
 DELTIC:        10 dihedrals deleted
 AUTGEN: Autogenerating specified angles and dihedrals.
 AUTOGEN:  4194 angles are removed before regeneration for selected atoms.
 AUTOGEN:  6037 dihedrals are removed before regeneration for selected atoms.
 PATCH: Check angles and dihedrals autogenerated.
 PSFSUM> PSF modified: NONBOND lists and IMAGE atoms cleared.
 PSFSUM> Summary of the structure file counters :
         Number of segments      =       17   Number of residues   =       97
         Number of atoms         =     2275   Number of groups     =      672
         Number of bonds         =     2295   Number of angles     =     4198
         Number of dihedrals     =     6047   Number of impropers  =      264
         Number of cross-terms   =       32   Number of autogens   =        0
         Number of HB acceptors  =      128   Number of HB donors  =      128
         Number of NB exclusions =        0   Total charge =  -38.00000
  
 CHARMM>    patch 14BB   GLY 26  GLY 27  setup warn
 ATOM  GLY      26       BNAM     HO4      AND ALL REFERENCES TO IT DELETED.
 ATOM  GLY      27       BNAG     HO1      AND ALL REFERENCES TO IT DELETED.
 ATOM  GLY      27       BNAG     O1       AND ALL REFERENCES TO IT DELETED.

 Message from MAPIC: Atom numbers are changed.
 DELTIC:         3 bonds deleted
 DELTIC:         5 angles deleted
 DELTIC:        10 dihedrals deleted
 AUTGEN: Autogenerating specified angles and dihedrals.
 AUTOGEN:  4193 angles are removed before regeneration for selected atoms.
 AUTOGEN:  6037 dihedrals are removed before regeneration for selected atoms.
 PATCH: Check angles and dihedrals autogenerated.
 PSFSUM> PSF modified: NONBOND lists and IMAGE atoms cleared.
 PSFSUM> Summary of the structure file counters :
         Number of segments      =       17   Number of residues   =       97
         Number of atoms         =     2272   Number of groups     =      672
         Number of bonds         =     2293   Number of angles     =     4197
         Number of dihedrals     =     6047   Number of impropers  =      264
         Number of cross-terms   =       32   Number of autogens   =        0
         Number of HB acceptors  =      128   Number of HB donors  =      128
         Number of NB exclusions =        0   Total charge =  -38.00000
  
 CHARMM>    patch 3BMDPx GLY 26  PA13 1  setup warn
 ATOM  GLY      26       BNAM     O32      AND ALL REFERENCES TO IT DELETED.

 Message from MAPIC: Atom numbers are changed.
 DELTIC:         1 bonds deleted
 DELTIC:         2 angles deleted
 DELTIC:         3 dihedrals deleted
 AUTGEN: Autogenerating specified angles and dihedrals.
 AUTOGEN:  4195 angles are removed before regeneration for selected atoms.
 AUTOGEN:  6044 dihedrals are removed before regeneration for selected atoms.
 PATCH: Check angles and dihedrals autogenerated.
 PSFSUM> PSF modified: NONBOND lists and IMAGE atoms cleared.
 PSFSUM> Summary of the structure file counters :
         Number of segments      =       17   Number of residues   =       97
         Number of atoms         =     2271   Number of groups     =      674
         Number of bonds         =     2293   Number of angles     =     4199
         Number of dihedrals     =     6054   Number of impropers  =      266
         Number of cross-terms   =       32   Number of autogens   =        0
         Number of HB acceptors  =      128   Number of HB donors  =      128
         Number of NB exclusions =        0   Total charge =  -37.00000
  
 CHARMM>     
  
 CHARMM>    ! Apply patches for L28
 CHARMM>    patch 14BB   GLY 27  GLY 28  setup warn
 ATOM  GLY      27       BNAG     HO4      AND ALL REFERENCES TO IT DELETED.
 ATOM  GLY      28       BNAM     HO1      AND ALL REFERENCES TO IT DELETED.
 ATOM  GLY      28       BNAM     O1       AND ALL REFERENCES TO IT DELETED.

 Message from MAPIC: Atom numbers are changed.
 DELTIC:         3 bonds deleted
 DELTIC:         5 angles deleted
 DELTIC:        10 dihedrals deleted
 AUTGEN: Autogenerating specified angles and dihedrals.
 AUTOGEN:  4194 angles are removed before regeneration for selected atoms.
 AUTOGEN:  6044 dihedrals are removed before regeneration for selected atoms.
 PATCH: Check angles and dihedrals autogenerated.
 PSFSUM> PSF modified: NONBOND lists and IMAGE atoms cleared.
 PSFSUM> Summary of the structure file counters :
         Number of segments      =       17   Number of residues   =       97
         Number of atoms         =     2268   Number of groups     =      674
         Number of bonds         =     2291   Number of angles     =     4198
         Number of dihedrals     =     6054   Number of impropers  =      266
         Number of cross-terms   =       32   Number of autogens   =        0
         Number of HB acceptors  =      128   Number of HB donors  =      128
         Number of NB exclusions =        0   Total charge =  -37.00000
  
 CHARMM>    patch 14BB   GLY 28  GLY 29  setup warn
 ATOM  GLY      28       BNAM     HO4      AND ALL REFERENCES TO IT DELETED.
 ATOM  GLY      29       BNAG     HO1      AND ALL REFERENCES TO IT DELETED.
 ATOM  GLY      29       BNAG     O1       AND ALL REFERENCES TO IT DELETED.

 Message from MAPIC: Atom numbers are changed.
 DELTIC:         3 bonds deleted
 DELTIC:         5 angles deleted
 DELTIC:        10 dihedrals deleted
 AUTGEN: Autogenerating specified angles and dihedrals.
 AUTOGEN:  4193 angles are removed before regeneration for selected atoms.
 AUTOGEN:  6044 dihedrals are removed before regeneration for selected atoms.
 PATCH: Check angles and dihedrals autogenerated.
 PSFSUM> PSF modified: NONBOND lists and IMAGE atoms cleared.
 PSFSUM> Summary of the structure file counters :
         Number of segments      =       17   Number of residues   =       97
         Number of atoms         =     2265   Number of groups     =      674
         Number of bonds         =     2289   Number of angles     =     4197
         Number of dihedrals     =     6054   Number of impropers  =      266
         Number of cross-terms   =       32   Number of autogens   =        0
         Number of HB acceptors  =      128   Number of HB donors  =      128
         Number of NB exclusions =        0   Total charge =  -37.00000
  
 CHARMM>    patch 3BMDPx GLY 28  PA14 1  setup warn
 ATOM  GLY      28       BNAM     O32      AND ALL REFERENCES TO IT DELETED.

 Message from MAPIC: Atom numbers are changed.
 DELTIC:         1 bonds deleted
 DELTIC:         2 angles deleted
 DELTIC:         3 dihedrals deleted
 AUTGEN: Autogenerating specified angles and dihedrals.
 AUTOGEN:  4195 angles are removed before regeneration for selected atoms.
 AUTOGEN:  6051 dihedrals are removed before regeneration for selected atoms.
 PATCH: Check angles and dihedrals autogenerated.
 PSFSUM> PSF modified: NONBOND lists and IMAGE atoms cleared.
 PSFSUM> Summary of the structure file counters :
         Number of segments      =       17   Number of residues   =       97
         Number of atoms         =     2264   Number of groups     =      676
         Number of bonds         =     2289   Number of angles     =     4199
         Number of dihedrals     =     6061   Number of impropers  =      268
         Number of cross-terms   =       32   Number of autogens   =        0
         Number of HB acceptors  =      128   Number of HB donors  =      128
         Number of NB exclusions =        0   Total charge =  -36.00000
  
 CHARMM>     
  
 CHARMM>    ! Apply patches for L30
 CHARMM>    patch 14BB   GLY 29  GLY 30  setup warn
 ATOM  GLY      29       BNAG     HO4      AND ALL REFERENCES TO IT DELETED.
 ATOM  GLY      30       BNAM     HO1      AND ALL REFERENCES TO IT DELETED.
 ATOM  GLY      30       BNAM     O1       AND ALL REFERENCES TO IT DELETED.

 Message from MAPIC: Atom numbers are changed.
 DELTIC:         3 bonds deleted
 DELTIC:         5 angles deleted
 DELTIC:        10 dihedrals deleted
 AUTGEN: Autogenerating specified angles and dihedrals.
 AUTOGEN:  4194 angles are removed before regeneration for selected atoms.
 AUTOGEN:  6051 dihedrals are removed before regeneration for selected atoms.
 PATCH: Check angles and dihedrals autogenerated.
 PSFSUM> PSF modified: NONBOND lists and IMAGE atoms cleared.
 PSFSUM> Summary of the structure file counters :
         Number of segments      =       17   Number of residues   =       97
         Number of atoms         =     2261   Number of groups     =      676
         Number of bonds         =     2287   Number of angles     =     4198
         Number of dihedrals     =     6061   Number of impropers  =      268
         Number of cross-terms   =       32   Number of autogens   =        0
         Number of HB acceptors  =      128   Number of HB donors  =      128
         Number of NB exclusions =        0   Total charge =  -36.00000
  
 CHARMM>    patch 14BB   GLY 30  GLY 31  setup warn
 ATOM  GLY      30       BNAM     HO4      AND ALL REFERENCES TO IT DELETED.
 ATOM  GLY      31       BNAG     HO1      AND ALL REFERENCES TO IT DELETED.
 ATOM  GLY      31       BNAG     O1       AND ALL REFERENCES TO IT DELETED.

 Message from MAPIC: Atom numbers are changed.
 DELTIC:         3 bonds deleted
 DELTIC:         5 angles deleted
 DELTIC:        10 dihedrals deleted
 AUTGEN: Autogenerating specified angles and dihedrals.
 AUTOGEN:  4193 angles are removed before regeneration for selected atoms.
 AUTOGEN:  6051 dihedrals are removed before regeneration for selected atoms.
 PATCH: Check angles and dihedrals autogenerated.
 PSFSUM> PSF modified: NONBOND lists and IMAGE atoms cleared.
 PSFSUM> Summary of the structure file counters :
         Number of segments      =       17   Number of residues   =       97
         Number of atoms         =     2258   Number of groups     =      676
         Number of bonds         =     2285   Number of angles     =     4197
         Number of dihedrals     =     6061   Number of impropers  =      268
         Number of cross-terms   =       32   Number of autogens   =        0
         Number of HB acceptors  =      128   Number of HB donors  =      128
         Number of NB exclusions =        0   Total charge =  -36.00000
  
 CHARMM>    patch 3BMDPx GLY 30  PA15 1  setup warn
 ATOM  GLY      30       BNAM     O32      AND ALL REFERENCES TO IT DELETED.

 Message from MAPIC: Atom numbers are changed.
 DELTIC:         1 bonds deleted
 DELTIC:         2 angles deleted
 DELTIC:         3 dihedrals deleted
 AUTGEN: Autogenerating specified angles and dihedrals.
 AUTOGEN:  4195 angles are removed before regeneration for selected atoms.
 AUTOGEN:  6058 dihedrals are removed before regeneration for selected atoms.
 PATCH: Check angles and dihedrals autogenerated.
 PSFSUM> PSF modified: NONBOND lists and IMAGE atoms cleared.
 PSFSUM> Summary of the structure file counters :
         Number of segments      =       17   Number of residues   =       97
         Number of atoms         =     2257   Number of groups     =      678
         Number of bonds         =     2285   Number of angles     =     4199
         Number of dihedrals     =     6068   Number of impropers  =      270
         Number of cross-terms   =       32   Number of autogens   =        0
         Number of HB acceptors  =      128   Number of HB donors  =      128
         Number of NB exclusions =        0   Total charge =  -35.00000
  
 CHARMM>     
  
 CHARMM>    ! Apply patches for L32
 CHARMM>    patch 14BB   GLY 31  GLY 32  setup warn
 ATOM  GLY      31       BNAG     HO4      AND ALL REFERENCES TO IT DELETED.
 ATOM  GLY      32       BNAM     HO1      AND ALL REFERENCES TO IT DELETED.
 ATOM  GLY      32       BNAM     O1       AND ALL REFERENCES TO IT DELETED.

 Message from MAPIC: Atom numbers are changed.
 DELTIC:         3 bonds deleted
 DELTIC:         5 angles deleted
 DELTIC:        10 dihedrals deleted
 AUTGEN: Autogenerating specified angles and dihedrals.
 AUTOGEN:  4194 angles are removed before regeneration for selected atoms.
 AUTOGEN:  6058 dihedrals are removed before regeneration for selected atoms.
 PATCH: Check angles and dihedrals autogenerated.
 PSFSUM> PSF modified: NONBOND lists and IMAGE atoms cleared.
 PSFSUM> Summary of the structure file counters :
         Number of segments      =       17   Number of residues   =       97
         Number of atoms         =     2254   Number of groups     =      678
         Number of bonds         =     2283   Number of angles     =     4198
         Number of dihedrals     =     6068   Number of impropers  =      270
         Number of cross-terms   =       32   Number of autogens   =        0
         Number of HB acceptors  =      128   Number of HB donors  =      128
         Number of NB exclusions =        0   Total charge =  -35.00000
  
 CHARMM>    patch 14BB   GLY 32  GLY 33  setup warn
 ATOM  GLY      32       BNAM     HO4      AND ALL REFERENCES TO IT DELETED.
 ATOM  GLY      33       BNAG     HO1      AND ALL REFERENCES TO IT DELETED.
 ATOM  GLY      33       BNAG     O1       AND ALL REFERENCES TO IT DELETED.

 Message from MAPIC: Atom numbers are changed.
 DELTIC:         3 bonds deleted
 DELTIC:         5 angles deleted
 DELTIC:        10 dihedrals deleted
 AUTGEN: Autogenerating specified angles and dihedrals.
 AUTOGEN:  4193 angles are removed before regeneration for selected atoms.
 AUTOGEN:  6058 dihedrals are removed before regeneration for selected atoms.
 PATCH: Check angles and dihedrals autogenerated.
 PSFSUM> PSF modified: NONBOND lists and IMAGE atoms cleared.
 PSFSUM> Summary of the structure file counters :
         Number of segments      =       17   Number of residues   =       97
         Number of atoms         =     2251   Number of groups     =      678
         Number of bonds         =     2281   Number of angles     =     4197
         Number of dihedrals     =     6068   Number of impropers  =      270
         Number of cross-terms   =       32   Number of autogens   =        0
         Number of HB acceptors  =      128   Number of HB donors  =      128
         Number of NB exclusions =        0   Total charge =  -35.00000
  
 CHARMM>    patch 3BMDPx GLY 32  PA16 1  setup warn
 ATOM  GLY      32       BNAM     O32      AND ALL REFERENCES TO IT DELETED.

 Message from MAPIC: Atom numbers are changed.
 DELTIC:         1 bonds deleted
 DELTIC:         2 angles deleted
 DELTIC:         3 dihedrals deleted
 AUTGEN: Autogenerating specified angles and dihedrals.
 AUTOGEN:  4195 angles are removed before regeneration for selected atoms.
 AUTOGEN:  6065 dihedrals are removed before regeneration for selected atoms.
 PATCH: Check angles and dihedrals autogenerated.
 PSFSUM> PSF modified: NONBOND lists and IMAGE atoms cleared.
 PSFSUM> Summary of the structure file counters :
         Number of segments      =       17   Number of residues   =       97
         Number of atoms         =     2250   Number of groups     =      680
         Number of bonds         =     2281   Number of angles     =     4199
         Number of dihedrals     =     6075   Number of impropers  =      272
         Number of cross-terms   =       32   Number of autogens   =        0
         Number of HB acceptors  =      128   Number of HB donors  =      128
         Number of NB exclusions =        0   Total charge =  -34.00000
  
 CHARMM>     
  
 VCLOSE: Closing unit   99 with status "KEEP"

                    RETURNING TO INPUT STREAM     5
  
 CHARMM>     
  
 CHARMM>    ! --- Angles/dihedrals after all patches ---
 CHARMM>    autogen angles dihe
 AUTGEN: Autogenerating specified angles and dihedrals.
 AUTOGEN:  4199 angles are removed before regeneration for selected atoms.
 AUTOGEN:  6075 dihedrals are removed before regeneration for selected atoms.
 PSFSUM> PSF modified: NONBOND lists and IMAGE atoms cleared.
 PSFSUM> Summary of the structure file counters :
         Number of segments      =       17   Number of residues   =       97
         Number of atoms         =     2250   Number of groups     =      680
         Number of bonds         =     2281   Number of angles     =     4199
         Number of dihedrals     =     6075   Number of impropers  =      272
         Number of cross-terms   =       32   Number of autogens   =        0
         Number of HB acceptors  =      128   Number of HB donors  =      128
         Number of NB exclusions =        0   Total charge =  -34.00000
  
 CHARMM>     
  
 CHARMM>    ! --- Seed segid GLY resid 2 from template PDB (optional) ---
 CHARMM>    !open read unit 10 card name custom_files/anam.pdb
 CHARMM>    !read coor pdb unit 10 resid sele segid GLY .and. resid 2 end
 CHARMM>    ! open read unit 10 card name custom_files/l2_memb.pdb
 CHARMM>    ! read coor pdb unit 10 resid sele segid GLY .or. segid PA01 end
 CHARMM>    open read unit 10 card name @PDBFILENAME
 Parameter: PDBFILENAME -> "CUSTOM_FILES/49_ACC_L32.PBD"
 OPNLGU> Unit already open. The old file will be closed first.
 VCLOSE: Closing unit   10 with status "KEEP"
 VOPEN> Attempting to open::custom_files/49_acc_l32.pbd::
 OPNLGU> Unit 10 opened for READONLY access to custom_files/49_acc_l32.pbd
  
 CHARMM>    read coor pdb unit 10 resid sele segid G* .or. segid P* end
  read CHARMM-pdb format
 SELRPN>   2250 atoms have been selected out of   2250
          SPATIAL COORDINATES BEING READ FROM UNIT 10
 TITLE>  *

 ** WARNING ** For atom in coordinate file, the corresponding residue in the PSF lacks that atom:
 INDEX=   74 IRES=    1 RESID=1    RES=UNDP ATOM=H10A

 ** WARNING ** For atom in coordinate file, the corresponding residue in the PSF lacks that atom:
 INDEX=   75 IRES=    1 RESID=1    RES=UNDP ATOM=H10A

 ** WARNING ** For atom in coordinate file, the corresponding residue in the PSF lacks that atom:
 INDEX=   77 IRES=    1 RESID=1    RES=UNDP ATOM=H10D

 ** WARNING ** For atom in coordinate file, the corresponding residue in the PSF lacks that atom:
 INDEX=   78 IRES=    1 RESID=1    RES=UNDP ATOM=H10D

 ** WARNING ** For atom in coordinate file, the corresponding residue in the PSF lacks that atom:
 INDEX=   79 IRES=    1 RESID=1    RES=UNDP ATOM=H10D

 ** WARNING ** For atom in coordinate file, the corresponding residue in the PSF lacks that atom:
 INDEX=   80 IRES=    1 RESID=1    RES=UNDP ATOM=H10E

 ** WARNING ** For atom in coordinate file, the corresponding residue in the PSF lacks that atom:
 INDEX=   81 IRES=    1 RESID=1    RES=UNDP ATOM=H10E

 ** WARNING ** For atom in coordinate file, the corresponding residue in the PSF lacks that atom:
 INDEX=   82 IRES=    1 RESID=1    RES=UNDP ATOM=H11A

 ** WARNING ** For atom in coordinate file, the corresponding residue in the PSF lacks that atom:
 INDEX=   83 IRES=    1 RESID=1    RES=UNDP ATOM=H11A

 ** WARNING ** For atom in coordinate file, the corresponding residue in the PSF lacks that atom:
 INDEX=   85 IRES=    1 RESID=1    RES=UNDP ATOM=H11D

 ** WARNING ** For atom in coordinate file, the corresponding residue in the PSF lacks that atom:
 INDEX=   86 IRES=    1 RESID=1    RES=UNDP ATOM=H11D

 ** WARNING ** For atom in coordinate file, the corresponding residue in the PSF lacks that atom:
 INDEX=   87 IRES=    1 RESID=1    RES=UNDP ATOM=H11D

 ** WARNING ** For atom in coordinate file, the corresponding residue in the PSF lacks that atom:
 INDEX=   88 IRES=    1 RESID=1    RES=UNDP ATOM=H11E

 ** WARNING ** For atom in coordinate file, the corresponding residue in the PSF lacks that atom:
 INDEX=   89 IRES=    1 RESID=1    RES=UNDP ATOM=H11E

 ** WARNING ** For atom in coordinate file, the corresponding residue in the PSF lacks that atom:
 INDEX=   90 IRES=    1 RESID=1    RES=UNDP ATOM=H11E
 ** WARNING ** After reading, there are no coordinates for selected atom:   128     1 UNDP H10A
 ** WARNING ** After reading, there are no coordinates for selected atom:   129     1 UNDP H10A
 ** WARNING ** After reading, there are no coordinates for selected atom:   134     1 UNDP H10D
 ** WARNING ** After reading, there are no coordinates for selected atom:   135     1 UNDP H10D
 ** WARNING ** After reading, there are no coordinates for selected atom:   136     1 UNDP H10D
 ** WARNING ** After reading, there are no coordinates for selected atom:   138     1 UNDP H10E
 ** WARNING ** After reading, there are no coordinates for selected atom:   139     1 UNDP H10E
 ** WARNING ** After reading, there are no coordinates for selected atom:   141     1 UNDP H11A
 ** WARNING ** After reading, there are no coordinates for selected atom:   142     1 UNDP H11A
 ** WARNING ** After reading, there are no coordinates for selected atom:   147     1 UNDP H11D

 ** A total of    15 selected atoms have no coordinates

 ** A total of   15 warnings were encountered during coordinate reading **
 *** LEVEL  2 WARNING *** BOMLEV IS    0
  
 CHARMM>    close unit 10
 VCLOSE: Closing unit   10 with status "KEEP"
  
 CHARMM>     
  
 CHARMM>    ! --- Build missing coords ---
 CHARMM>    ic param
  
 CHARMM>    ic fill preserve
  
 CHARMM>    ic build
  
 CHARMM>    hbuild

      ***** LEVEL  4 WARNING FROM <GTHBUI> *****
      ***** Zero selection specified
      ******************************************
      BOMLEV (  0) IS NOT REACHED. WRNLEV IS  5

  
 CHARMM>     
  
 CHARMM>    !! --- Quick sanity energy before NBONDS (optional) ---
 CHARMM>    !energy
 CHARMM>     
  
 CHARMM>    ! --- Nonbond options (CDIE, high dielectric) ---
 CHARMM>    !bonds atom switch cdie vdw vfswitch  -
 CHARMM>    !      ctonnb 10.0 ctofnb 12.0 cutnb 14.0 cutim 14.0  -
 CHARMM>    !       inbfrq -1 imgfrq -1 wmin 1.0 eps 80.0
 CHARMM>     
  
 CHARMM>    ! --- Quick minimization ---
 CHARMM>    !calc nstep = 500
 CHARMM>    !mini sd   nstep @nstep nprint 10
 CHARMM>    !mini abnr nstep @nstep nprint 10
 CHARMM>     
  
 CHARMM>    ! --- Write outputs ---
 CHARMM>    open write unit 41 card name @EXPORTDIR/@EXPORTFN.psf
 Parameter: EXPORTDIR -> "49_ACC_L32_EXPORT"
 Parameter: EXPORTFN -> "49_ACC_L32_L32"
 VOPEN> Attempting to open::49_acc_l32_export/49_acc_l32_l32.psf::
 OPNLGU> Unit 41 opened for WRITE access to 49_acc_l32_export/49_acc_l32_l32.psf
  
 CHARMM>    write psf  card unit 41
 RDTITL> CLOSE UNIT 41
 RDTITL> No title read.
 VCLOSE: Closing unit   41 with status "KEEP"
  
 CHARMM>    close unit 41
 CLOLGU>  *****  WARNING  ***** Attempt to close unit that was not open.
  
 CHARMM>     
  
 CHARMM>    open write unit 42 card name @EXPORTDIR/@EXPORTFN.crd
 Parameter: EXPORTDIR -> "49_ACC_L32_EXPORT"
 Parameter: EXPORTFN -> "49_ACC_L32_L32"
 VOPEN> Attempting to open::49_acc_l32_export/49_acc_l32_l32.crd::
 OPNLGU> Unit 42 opened for WRITE access to 49_acc_l32_export/49_acc_l32_l32.crd
  
 CHARMM>    write coor card unit 42
 RDTITL> CLOSE UNIT 42
 RDTITL> No title read.
 VCLOSE: Closing unit   42 with status "KEEP"
  
 CHARMM>    close unit 42
 CLOLGU>  *****  WARNING  ***** Attempt to close unit that was not open.
  
 CHARMM>     
  
 CHARMM>    open write unit 43 card name @EXPORTDIR/@EXPORTFN.pdb
 Parameter: EXPORTDIR -> "49_ACC_L32_EXPORT"
 Parameter: EXPORTFN -> "49_ACC_L32_L32"
 VOPEN> Attempting to open::49_acc_l32_export/49_acc_l32_l32.pdb::
 OPNLGU> Unit 43 opened for WRITE access to 49_acc_l32_export/49_acc_l32_l32.pdb
  
 CHARMM>    write coor pdb unit 43
 RDTITL> CLOSE UNIT 43
 RDTITL> No title read.
  Write CHARMM-pdb format
  
 CHARMM>    close unit 43
 VCLOSE: Closing unit   43 with status "KEEP"
  
 CHARMM>     
  
 CHARMM>    bomlev -1
  
 CHARMM>     
  
 CHARMM>    coor orient

 ORIENT THE COORDINATES TO ALIGN WITH AXIS

 MOMENTS
1677280.420141892498642.70251114 157855.46690767
                4155587.07868625 267676.62754312
                                 124074.85787784

 Transpose of the rotation matrix
     0.055407    0.848523    0.526249
     0.292131    0.490219   -0.821185
    -0.954772    0.199233   -0.220719
 CENTER OF ATOMS BEFORE TRANSLATION   -24.91611    55.30427    55.86725
 AXIS OF ROTATION IS -0.542021 -0.786682  0.295542  ANGLE IS  109.73

 ALL COORDINATES ORIENTED IN THE MAIN SET BASED ON SELECTED ATOMS.

  
 CHARMM>    coor stat sele all end
 SELRPN>   2250 atoms have been selected out of   2250
 STATISTICS FOR      2250 SELECTED ATOMS:
    XMIN =  -90.658105 XMAX =   89.111343 XAVE =    0.000000
    YMIN =  -21.312711 YMAX =   25.521955 YAVE =    0.000000
    ZMIN =  -19.547966 ZMAX =   19.758307 ZAVE =   -0.000000
    WMIN =    0.000000 WMAX =    0.000000 WAVE =    0.000000
  
 CHARMM>     
  
 CHARMM>    ! Molecular Volume
 CHARMM>    calc dcel = 0.5
Evaluating: 0.5
 Parameter: DCEL <- "0.5"
  
 CHARMM>    calc xdim = int ( ( ?xmax - ?xmin + 5.0 ) / @dcel ) + 1
 Parameter: DCEL -> "0.5"
 RDCMND substituted energy or value "?XMAX" to "89.1113429"
 RDCMND substituted energy or value "?XMIN" to "-90.658105"
Evaluating: INT((89.1113429--90.658105+5.0)/0.5)+1
 Parameter: XDIM <- "370"
  
 CHARMM>    calc ydim = int ( ( ?ymax - ?ymin + 5.0 ) / @dcel ) + 1
 Parameter: DCEL -> "0.5"
 RDCMND substituted energy or value "?YMAX" to "25.5219549"
 RDCMND substituted energy or value "?YMIN" to "-21.3127108"
Evaluating: INT((25.5219549--21.3127108+5.0)/0.5)+1
 Parameter: YDIM <- "104"
  
 CHARMM>    calc zdim = int ( ( ?zmax - ?zmin + 5.0 ) / @dcel ) + 1
 Parameter: DCEL -> "0.5"
 RDCMND substituted energy or value "?ZMAX" to "19.7583072"
 RDCMND substituted energy or value "?ZMIN" to "-19.5479659"
Evaluating: INT((19.7583072--19.5479659+5.0)/0.5)+1
 Parameter: ZDIM <- "89"
  
 CHARMM>    calc space = @xdim * @ydim * @zdim
 Parameter: XDIM -> "370"
 Parameter: YDIM -> "104"
 Parameter: ZDIM -> "89"
Evaluating: 370*104*89
 Parameter: SPACE <- "3424720"
  
 CHARMM>     
  
 CHARMM>    ! prevent overflow on integer conversion
 CHARMM>    calc maxint = 2**32 / 2 - 1
Evaluating: 2**32/2-1
 Parameter: MAXINT <- "2.147483647E+09"
  
 CHARMM>    if space .gt. @maxint calc space = @maxint
 Parameter: MAXINT -> "2.147483647E+09"
 Parameter: MAXINT -> "2.147483647E+09"
 Comparing "3424720" and "2.147483647E+09".
 IF test evaluated as false.  Skipping command
  
 CHARMM>     
  
 CHARMM>    scalar wmain = radius
  
 CHARMM>    scalar wmain add 1.4    ! use solvent accessible surface for molecular volume
  
 CHARMM>    scalar 1 = wmain
  
 CHARMM>    scalar 2 set 6
  
 CHARMM>    coor volume hole space @space sele .not. resname TIP3 end
 Parameter: SPACE -> "3424720"
 SELRPN>   2250 atoms have been selected out of   2250
 COMPUTING VOLUME PER ATOM WITH:
   XMIN=    -93.3981 XMAX=     91.7941 NX= 367
   YMIN=    -23.7604 YMAX=     28.2620 NY= 103
   ZMIN=    -22.6480 ZMAX=     22.8583 NZ=  90


 A TOTAL OF       11   VACUUM POINTS WERE FOUND
 A TOTAL OF   324526 OCCUPIED POINTS WERE FOUND
 A TOTAL OF  3077553 EXTERNAL POINTS WERE FOUND
 A TOTAL OF  3402079 SELECTED POINTS WERE FOUND
 TOTAL OCCUPIED  VOLUME =   41820.365633
 TOTAL SELECTED  VOLUME =  438412.292674
 TOTAL FREE      VOLUME =       1.417526
 FRACTIONAL FREE VOLUME =       0.003389
  
 CHARMM>    set molvol = ?volume
 RDCMND substituted energy or value "?VOLUME" to "41820.3656"
 Parameter: MOLVOL <- "41820.3656"
  
 CHARMM>     
  
 CHARMM>    calc cgtot = int ( ?cgtot )
 RDCMND substituted energy or value "?CGTOT" to "-34"
Evaluating: INT(-34)
 Parameter: CGTOT <- "-34"
  
 CHARMM>     
  
 CHARMM>    open write unit 90 card name @EXPORTDIR/@EXPORTFN.str
 Parameter: EXPORTDIR -> "49_ACC_L32_EXPORT"
 Parameter: EXPORTFN -> "49_ACC_L32_L32"
 VOPEN> Attempting to open::49_acc_l32_export/49_acc_l32_l32.str::
 OPNLGU> Unit 90 opened for WRITE access to 49_acc_l32_export/49_acc_l32_l32.str
  
 CHARMM>    write title unit 90
 RDTITL> * SET NCHARGE = -34
 RDTITL> * SET XMAX = 89.1113429
 RDTITL> * SET YMAX = 25.5219549
 RDTITL> * SET ZMAX = 19.7583072
 RDTITL> * SET XMIN = -90.658105
 RDTITL> * SET YMIN = -21.3127108
 RDTITL> * SET ZMIN = -19.5479659
 RDTITL> * SET MOLVOL = 41820.3656
 RDTITL> *
  
 CHARMM>     
  
 CHARMM>    stop
 VCLOSE: Closing unit   20 with status "KEEP"
 VCLOSE: Closing unit   90 with status "KEEP"
$$$$$$  New timer profile $$$$$
 Total time                     25.60 Other:            0.00

                    NORMAL TERMINATION BY NORMAL STOP
                    MOST SEVERE WARNING WAS AT LEVEL  1

                    $$$$$ JOB ACCOUNTING INFORMATION $$$$$
                     ELAPSED TIME:    25.60  SECONDS 
                         CPU TIME:    12.74  SECONDS 
